question,authors,year,title,venue,doi,doi_url,study_design,sample,population_mismatch,claim_supported,retracted_flag_openalex,retracted_flag_crossref,sweep_track
A1,"Agnis Stibe, Brian Cugelman",2016,Persuasive Backfiring: When Behavior Change Interventions Trigger Unintended Negative Outcomes,Persuasive Technology (Lecture Notes in Computer Science),10.1007/978-3-319-31510-2_6,https://doi.org/10.1007/978-3-319-31510-2_6,expert opinion / conceptual framework,"conceptual, no human sample",No empirical sample; no ADHD relevance,Theoretical framing for persuasive interventions producing the opposite of the intended effect,False,False,Character guilt
A1,"Cláuvin Almeida, Marcos Kalinowski, Anderson Uchôa, Bruno Feijó",2023,Negative effects of gamification in education software: Systematic mapping and practitioner perceptions,Information and Software Technology,10.1016/j.infsof.2022.107142,https://doi.org/10.1016/j.infsof.2022.107142,systematic mapping of 87 papers,"mostly student samples in education software, general population","Education/learning systems and student samples, not adult ADHD self-care",Motivational issues and worsened performance among most-cited negative effects of game design elements,False,False,Character guilt
A1,"Daniel A. Epstein, Jennifer H. Kang, Laura R. Pina, James Fogarty, Sean A. Munson",2016,Reconsidering the device in the drawer,Proceedings of the 2016 ACM International Joint Conference on Pervasive and Ubiquitous Computing (UbiComp '16),10.1145/2971648.2971656,https://doi.org/10.1145/2971648.2971656,survey + design study (qualitative),"141 adults who lapsed in Fitbit use, general population","General adult population, no ADHD relevance; Fitbit data framing rather than an anthropomorphic character",Lapses are a designable moment; framing and aggregation of lapsed data change whether users can face it,False,False,Character guilt
A1,"Daniel A. Epstein, Monica Caraway, Chuck Johnston, An Ping, James Fogarty, Sean A. Munson",2016,Beyond Abandonment to Next Steps,Proceedings of the 2016 CHI Conference on Human Factors in Computing Systems (CHI '16),10.1145/2858036.2858045,https://doi.org/10.1145/2858036.2858045,mixed-methods survey + interview (qualitative),"adults, general population self-trackers (193 surveyed, 12 interviewed), no ADHD relevance","General-population adult self-trackers, not ADHD (clinical, subclinical or self-identified); tracking tools, not a virtual pet","Guilt is a quantified post-abandonment perspective (16.2% of activity trackers, 8.9% of finance trackers) in tools with NO punitive feedback, no character and no failure state; 'freedom' is the counter-perspective",False,False,Character guilt
A1,"Haiyan Chen, Klaus Schoefer, Danae Manika, Effy Tzemou",2024,The “Dark Side” of General Health and Fitness-Related Self-Service Technologies: A Systematic Review of the Literature and Directions for Future Research,Journal of Public Policy & Marketing,10.1177/07439156231224731,https://doi.org/10.1177/07439156231224731,systematic review,"adults, general population health/fitness app and wearable users",General population health/fitness technology; no ADHD relevance and no anthropomorphic character,Frames abandonment as an emotion-focused coping tactic for negative psychological reactions to the technology,False,False,Character guilt
A1,"Jesse Chandler, Norbert Schwarz",2010,Use does not wear ragged the fabric of friendship: Thinking of objects as alive makes people less willing to replace them,Journal of Consumer Psychology,10.1016/j.jcps.2009.12.008,https://doi.org/10.1016/j.jcps.2009.12.008,two experiments,"adult consumers, general population","Consumer product replacement, not app use; general population, no ADHD relevance",Anthropomorphic framing makes people less willing to replace an object and reduces weight given to its quality,False,False,Character guilt
A1,"Kyle Johnsen, Sun Joo Ahn, James N. Moore, Scott Brown, Thomas P. Robertson, Amanda Marable, Aryabrata Basu",2014,Mixed Reality Virtual Pets to Reduce Childhood Obesity,IEEE Transactions on Visualization and Computer Graphics,10.1109/tvcg.2014.33,https://doi.org/10.1109/tvcg.2014.33,mixed-reality system evaluation,"children, general population","Children, general population; contingent-decline pet, unlike PetTodo's no-failure-state design",Virtual pet health/happiness/intelligence contingent on child's exercise motivated activity — again a declining-state design,False,False,Character guilt
A1,"Linnea Laestadius, Andrea Bishop, Michael Gonzalez, Diana Illenčík, Celeste Campos‐Castillo",2024,Too human and not human enough: A grounded theory analysis of mental health harms from emotional dependence on the social chatbot Replika,New Media & Society,10.1177/14614448221142007,https://doi.org/10.1177/14614448221142007,grounded theory analysis of 582 posts (qualitative),"adults posting publicly in r/Replika, self-selected, mental-health-relevant content, not diagnosed","Self-identified/undiagnosed adults (closest population match), but a conversational companion, not a task list or pet",Harms mediated by emotional dependence and by role-taking: users felt the character had its own needs and emotions they must attend to,False,False,Character guilt
A1,"M. Dodd, Allan Fowler, Danielle Lottridge",2025,Purr-ogrammed love: A narrative review of virtual pets,Entertainment Computing,10.1016/j.entcom.2025.100958,https://doi.org/10.1016/j.entcom.2025.100958,narrative review,"mixed populations, predominantly children, across 45 included articles",Predominantly children and entertainment contexts; not adult ADHD productivity,'Life and death' is one of six major themes in the virtual-pet literature — neglect-and-consequence is the genre's dominant convention,False,False,Character guilt
A1,"Maartje M.A. de Graaf, Somaya Ben Allouch, Jan van Dijk",2017,Why Do They Refuse to Use My Robot?,Proceedings of the 2017 ACM/IEEE International Conference on Human-Robot Interaction (HRI '17),10.1145/2909824.3020236,https://doi.org/10.1145/2909824.3020236,longitudinal field deployment with questionnaires and interviews (observational),"adult householders, general population (70 robots placed for up to six months)","General adult population; a physical social robot, not a phone-based pet",Documents reasons for refusal and abandonment of an in-home social agent; short-term enjoyment does not sustain long-term use,False,False,Character guilt
A1,"Patrick G Kidman, Rachel Curtis, Amanda Watson, Carol Maher",2024,When and Why Adults Abandon Lifestyle Behavior and Mental Health Mobile Apps: Scoping Review,Journal of Medical Internet Research,10.2196/56897,https://doi.org/10.2196/56897,scoping review (PRISMA-ScR),"adults in free-living conditions, general population","General adult population lifestyle/mental-health apps, not ADHD-specific, no virtual pet",App abandonment is the normal case; synthesises duration of use and reasons for abandonment,False,False,Character guilt
A1,"Ping Liu, Shouwei Li",2024,So hard to say goodbye? A study on the impact of anthropomorphism on the retention of idle products,Journal of Retailing and Consumer Services,10.1016/j.jretconser.2024.104019,https://doi.org/10.1016/j.jretconser.2024.104019,observational/survey study,"adult consumers, general population","Consumer retention behaviour, not app engagement; general population",Anthropomorphism increases retention of idle products,False,False,Character guilt
A1,"Roxanne D. Hawkins, Emma L. Hawkins, Liesbeth Tip",2021,“I Can’t Give Up When I Have Them to Care for”: People’s Experiences of Pets and Their Mental Health,Anthrozoös,10.1080/08927936.2021.1914434,https://doi.org/10.1080/08927936.2021.1914434,qualitative online survey with thematic analysis,"119 adults (41 with a diagnosed mental health condition, 70 recently struggling), self-selected","Real companion animals, not a virtual character; mental-health but not ADHD samples","Real pets provide motivation and behavioural activation — the mechanism the design digitises — but as a benefit theme, not evidence about a virtual pet",False,False,Character guilt
A1,"Sahara Byrne, Geri Gay, J. P. Pollack, Amy L. Gonzales, Daniela Retelny, Theodore Lee, Brian Wansink",2012,Caring for Mobile Phone-Based Virtual Pets can Influence Youth Eating Behaviors,Journal of Children and Media,10.1080/17482798.2011.633410,https://doi.org/10.1080/17482798.2011.633410,randomised field experiment,"39 adolescents (US), general population","Adolescents, not adults; general population, no ADHD; breakfast eating, not task initiation; guilt was not measured",The only experimental valence manipulation found: a pet giving BOTH positive and negative feedback doubled breakfast eating versus positive-only or control — removing negative feedback removed the behavioural effect,False,False,Character guilt
A1,"Sarah Diefenbach, Annemarie Müssig",2019,Counterproductive effects of gamification: An analysis on the example of the gamified task manager Habitica,International Journal of Human-Computer Studies,10.1016/j.ijhcs.2018.09.004,https://doi.org/10.1016/j.ijhcs.2018.09.004,interpretative phenomenological analysis + quantitative field study (qualitative),"adults, self-selected Habitica users (n=1 IPA; n=45 two-week field study), general population","Self-selected gamified-task-manager users, no ADHD screening; system DOES punish, unlike PetTodo",All users experienced counterproductive gamification effects; prevalence correlated with perceived inappropriateness of reward system and predicted motivation change,False,False,Character guilt
A1,"Sun Joo Ahn, Kyle Johnsen, Tom P. Robertson, James N. Moore, Scott A. Brown, Amanda Marable, Aryabrata Basu",2015,Using Virtual Pets to Promote Physical Activity in Children: An Application of the Youth Physical Activity Promotion Model,Journal of Health Communication,10.1080/10810730.2015.1018597,https://doi.org/10.1080/10810730.2015.1018597,controlled trial with activity monitors,"children, general population","Children, general population; physical activity, not task initiation; not a warmth-only design","Virtual pet increased daily physical activity by 1.09 hours (156%) versus control — but pet fitness DECLINED without user activity, so it is not evidence for warmth-only design",False,False,Character guilt
A1,"Wafa Hammedi, Thomas Leclercq, Ingrid Poncin, Linda Alkire",2021,Uncovering the dark side of gamification at work: Impacts on engagement and well-being,Journal of Business Research,10.1016/j.jbusres.2020.08.032,https://doi.org/10.1016/j.jbusres.2020.08.032,in-depth interviews plus two field experiments,"adult frontline employees, general population","Workplace employees, general population; not self-care and not ADHD","Gamified work reduced engagement and wellbeing, moderated by willingness to participate",False,False,Character guilt
A2,Ahn; Johnsen; Robertson; Moore; Brown; Marable; Basu,2015,Using Virtual Pets to Promote Physical Activity in Children: An Application of the Youth Physical Activity Promotion Model,Journal of Health Communication,10.1080/10810730.2015.1018597,https://doi.org/10.1080/10810730.2015.1018597,"controlled experiment (3 days), activity monitors","children, general population",children; 3-day duration far below PetTodo horizon; physical activity not task completion,1.09 extra hours daily activity (156%) in virtual-pet condition,False,False,Pet mechanics
A2,Ahn; Schmidt; Tate; Rathbun; Annesi; Hahn; Novotny; Okitondo; Grimsley; Johnsen,2024,Virtual fitness buddy ecosystem: a mixed reality precision health physical activity intervention for children,npj Digital Medicine,10.1038/s41746-024-01133-5,https://doi.org/10.1038/s41746-024-01133-5,cluster randomized controlled trial,"children 6-11, general population, no ADHD relevance","severe: children, physical activity, parent-mediated; pet was bundled with parental feedback so pet effect is not isolated",strongest measured behaviour-change evidence for a virtual pet mechanic (objective accelerometry),False,False,Pet mechanics
A2,Bul; Kato; Oord; Danckaerts; Vreeke; Willems; Oers; Heuvel; Birnie; Amelsvoort; Franken; Maras,2016,Behavioral Outcome Effects of Serious Gaming as an Adjunct to Treatment for Children With Attention-Deficit/Hyperactivity Disorder: A Randomized Controlled Trial,Journal of Medical Internet Research,10.2196/jmir.5173,https://doi.org/10.2196/jmir.5173,multisite randomized crossover trial (n=170),"children 8-12, clinically diagnosed ADHD",children; parent-reported outcomes; no pet care mechanic,serious game adjunct improved parent-reported time-management skills (p=.004),False,False,Pet mechanics
A2,Byrne; Gay; Pollack; Gonzales; Retelny; Lee; Wansink,2012,Caring for Mobile Phone-Based Virtual Pets can Influence Youth Eating Behaviors,Journal of Children and Media,10.1080/17482798.2011.633410,https://doi.org/10.1080/17482798.2011.633410,randomized field experiment,"adolescents (n=39), general population","adolescents, eating behaviour; but directly manipulates the warmth-only variable PetTodo fixes","pet giving BOTH positive and negative feedback doubled breakfast eating vs positive-only, which did not beat control",False,False,Pet mechanics
A2,Capistrán; Alor‐Hernández; Sánchez-Morales; Machorro-Cano,2025,A decade of apps for ADHD management: a scoping review,Behaviour and Information Technology,10.1080/0144929x.2025.2461225,https://doi.org/10.1080/0144929x.2025.2461225,scoping review,"apps (46 of 3474 records), not people","app-level review, no efficacy data",levels and statistics most common gamification elements; only 2 of 35 commercial ADHD apps medically endorsed,False,False,Pet mechanics
A2,Chen; Liao; Chien; Chan,2011,Animal companions: Fostering children's effort‐making by nurturing virtual pets,British Journal of Educational Technology,10.1111/j.1467-8535.2009.01003.x,https://doi.org/10.1111/j.1467-8535.2009.01003.x,preliminary controlled experiment,"children, general population",children; education setting; observer-coded effort not task completion,virtual animal companion improved quality of effort-making learning behaviours,False,False,Pet mechanics
A2,Dodd; Fowler; Lottridge,2025,Purr-ogrammed love: A narrative review of virtual pets,Entertainment Computing,10.1016/j.entcom.2025.100958,https://doi.org/10.1016/j.entcom.2025.100958,narrative review,"literature (45 articles), mixed",not an efficacy source,"framing of virtual-pet research themes incl. life/death, health/habits, ethics",False,False,Pet mechanics
A2,Fujinami,2019,Facilitating Unmotivated Tasks Based on Affection for Virtual Pet,2019 IEEE International Conference on Pervasive Computing and Communications Workshops (PerCom Workshops),10.1109/percomw.2019.8730777,https://doi.org/10.1109/percomw.2019.8730777,controlled experiment,"adults, general population, no ADHD relevance",adults but non-ADHD; task was ML data collection not a personal to-do item,affection for virtual pet rose significantly but task-request acceptance rate did NOT increase,False,False,Pet mechanics
A2,Hahn; Schmidt; Rathbun; Johnsen; Annesi; Ahn,2020,Using virtual agents to increase physical activity in young children with the virtual fitness buddy ecosystem: Study protocol for a cluster randomized trial,Contemporary Clinical Trials,10.1016/j.cct.2020.106181,https://doi.org/10.1016/j.cct.2020.106181,study protocol for cluster randomized trial,"children 6-11, general population",same as Ahn 2024,documents design of the Virtual Fitness Buddy trial,False,False,Pet mechanics
A2,Johnsen; Ahn; Moore; Brown; Robertson; Marable; Basu,2014,Mixed Reality Virtual Pets to Reduce Childhood Obesity,IEEE Transactions on Visualization and Computer Graphics,10.1109/tvcg.2014.33,https://doi.org/10.1109/tvcg.2014.33,controlled field study,"children (n=61) at summer camp, general population",children; short deployment; physical activity,large increase in recorded and observed activity attributed to virtual pet,False,False,Pet mechanics
A2,Mazéas; Duclos; Pereira; Chalabaëv,2022,Evaluating the Effectiveness of Gamification on Physical Activity: Systematic Review and Meta-analysis of Randomized Controlled Trials,Journal of Medical Internet Research,10.2196/26779,https://doi.org/10.2196/26779,"systematic review and meta-analysis (16 RCTs, 2407 participants)","adults and adolescents, general and chronic-disease, no ADHD relevance","physical activity; generic gamification (points/badges/challenges), not pet care","gamified interventions raise physical activity, Hedges g=0.42 (95% CI 0.14-0.69)",False,False,Pet mechanics
A2,Selaskowski; Reiland; Schulze; Aslan; Kannen; Wiebe; Wallbaum; Boll; Lux; Philipsen; Braun,2023,Chatbot-supported psychoeducation in adult attention-deficit hyperactivity disorder: randomised controlled trial,BJPsych Open,10.1192/bjo.2023.573,https://doi.org/10.1192/bjo.2023.573,"randomized controlled trial (n=40 randomized, 34 completers)","adults, clinically diagnosed ADHD","right population, no pet mechanic; null on interactive-agent superiority",symptoms fell in both arms; no group x intervention interaction for chatbot vs conventional app,False,False,Pet mechanics
A2,Selaskowski; Steffens; Schulze; Lingen; Aslan; Rosén; Kannen; Wiebe; Wallbaum; Boll; Lux; Philipsen; Braun,2022,Smartphone-assisted psychoeducation in adult attention-deficit/hyperactivity disorder: A randomized controlled trial,Psychiatry Research,10.1016/j.psychres.2022.114802,https://doi.org/10.1016/j.psychres.2022.114802,randomized controlled trial (n=60 randomized),"adults, clinically diagnosed ADHD","right population, wrong mechanic: no pet; delivered alongside 8 clinician-led group sessions","only randomized adult-ADHD app evidence; app-assisted psychoeducation beat brochures on inattention, impulsivity, homework compliance",False,False,Pet mechanics
A2,Six; Byrne; Tibbett; Pericot‐Valverde,2021,Examining the Effectiveness of Gamification in Mental Health Apps for Depression: Systematic Review and Meta-analysis,JMIR Mental Health,10.2196/32199,https://doi.org/10.2196/32199,"meta-analysis (38 studies, 8110 participants)","mostly adults, clinical and subclinical depression",depressive symptoms not ADHD or task completion,apps reduced depression (g=-0.27) but gamification moderated neither symptoms (p=.38) nor adherence (p=.40),False,False,Pet mechanics
A3,Amy O'Connell; Ashveen Banga; Jennifer Ayissi; Nikki Yaminrafie; Ellen Ko; Andrew Le; Bailey Cislowski; Maja J. Matarić,2024,Design and Evaluation of a Socially Assistive Robot Schoolwork Companion for College Students with ADHD,Proceedings of the 2024 ACM/IEEE International Conference on Human-Robot Interaction,10.1145/3610977.3634929,https://doi.org/10.1145/3610977.3634929,three-week within-subjects field study (n=11),"adults (college students), self-reported adult ADHD symptoms","Outcomes are usability, design feedback and voluntary continuation — not task initiation or completion vs control",A socially assistive robot 'body double' was voluntarily used (10/11 continued into week two),False,False,External anchors
A3,Caterina Gawrilow; Peter M. Gollwitzer,2008,Implementation Intentions Facilitate Response Inhibition in Children with ADHD,Cognitive Therapy and Research,10.1007/s10608-007-9150-1,https://doi.org/10.1007/s10608-007-9150-1,experimental study,"children, diagnosed ADHD","Children; lab inhibition task, not real-world initiation",If-then plans improved response inhibition in children with ADHD,False,False,External anchors
A3,Caterina Gawrilow; Peter M. Gollwitzer; Gabriele Oettingen,2011,If-Then Plans Benefit Executive Functions in Children with ADHD,Journal of Social and Clinical Psychology,10.1521/jscp.2011.30.6.616,https://doi.org/10.1521/jscp.2011.30.6.616,two experimental studies,"children, diagnosed ADHD",Children; lab executive-function tasks — but this is controlled ADHD evidence for the planning approach PetTodo omits,"If-then plans improved shifting, resistance to distraction and maths performance in children with ADHD",False,False,External anchors
A3,Charles F. Bond; Linda Titus,1983,Social facilitation: A meta-analysis of 241 studies.,Psychological Bulletin,10.1037/0033-2909.94.2.265,https://doi.org/10.1037/0033-2909.94.2.265,"meta-analysis (241 studies, ~24,000 subjects)","general population, no ADHD relevance",No ADHD samples; cited as the general ceiling on the 'presence of another person' mechanism — and it is a low ceiling that runs against the design,"Mere presence of others explains only 0.3-3% of variance, speeds simple but SLOWS complex task performance and impairs complex accuracy",False,False,External anchors
A3,Gregor Kohls; Beate Herpertz‐Dahlmann; Kerstin Konrad,2009,Hyperresponsiveness to social rewards in children and adolescents with attention-deficit/hyperactivity disorder (ADHD),Behavioral and Brain Functions,10.1186/1744-9081-5-20,https://doi.org/10.1186/1744-9081-5-20,experimental incentive go/no-go task,"children and adolescents, diagnosed ADHD","Children/adolescents; lab inhibition task — supports warmth-only social reinforcement as a reinforcer, NOT the pet as an initiation anchor","ADHD participants gained MORE from social reward (positive facial expressions) than controls, while self-rated motivation was lower",False,False,External anchors
A3,Helen Brooks; Kelly Rushton; Karina Lovell; Penny Bee; Lauren Walker; Laura Grant; Anne Rogers,2018,The power of support from companion animals for people living with mental health problems: a systematic review and narrative synthesis of the evidence,BMC Psychiatry,10.1186/s12888-018-1613-2,https://doi.org/10.1186/s12888-018-1613-2,systematic review and narrative synthesis,"adults with long-term mental health conditions; general mental health, not ADHD","No ADHD sample; predominantly qualitative evidence base; measures perceived roles, not task initiation",Companion animals contribute to the everyday 'work' of managing a long-term mental health condition,False,False,External anchors
A3,Lily Widdison; Ana Maria Barcelos; Stamatina Tsiora; Andrei Zarie; Daniel S. Mills; Niko Kargas,2026,"Exploring Cat–Human Interaction as a Psychosocial Resource in Autism and ADHD: Risks, Engagement, and Well-Being",Behavioral Sciences,10.3390/bs16020162,https://doi.org/10.3390/bs16020162,cross-sectional correlational survey,"adults, 127 total including 15 clinically diagnosed ADHD and 22 co-occurring autism+ADHD","n=15 ADHD cell; wellbeing outcomes only, no task behaviour; correlational — but the closest empirical analogue of the guilt-debt counter-risk","Specific cat-related factors — anxious cat behaviour, INABILITY TO PROVIDE for the cat, poor cat health — were associated with worse wellbeing; relationship is bi-directional",False,False,External anchors
A3,Peter M. Gollwitzer; Paschal Sheeran,2006,Implementation Intentions and Goal Achievement: A Meta‐analysis of Effects and Processes,Advances in experimental social psychology,10.1016/s0065-2601(06)38002-1,https://doi.org/10.1016/s0065-2601(06)38002-1,meta-analysis,general population,No ADHD sample; cited to show the rejected arm of the comparison is the better-evidenced one,Implementation intentions (if-then plans) have a substantial effect on goal attainment — the planning-based comparator the design rejects,False,False,External anchors
A3,Ryan Schuenke; Sidney R Dickenson; Meredith Moore,2025,Reading Between the Lines: Exploring Body Doubling in ADHD Using EEG,Proceedings of the 27th International ACM SIGACCESS Conference on Computers and Accessibility,10.1145/3663547.3759743,https://doi.org/10.1145/3663547.3759743,within-subjects experiment with EEG (n=26),"adults, mixed neurotypical and ADHD (medicated and unmedicated)","Measured reading-comprehension performance under observation, not self-initiated everyday tasks; n=26 badly underpowered",The only controlled test of body doubling retrieved: NULL — no significant difference vs working alone,False,False,External anchors
A3,Sabrina Schuck; Natasha A. Emmerson; Aubrey H. Fine; Kimberley D. Lakes,2015,Canine-Assisted Therapy for Children With ADHD,Journal of Attention Disorders,10.1177/1087054713502080,https://doi.org/10.1177/1087054713502080,randomised clinical trial (preliminary findings),"children, clinically diagnosed ADHD (n=24)","Children; the dog is a therapy adjunct delivered by clinicians, not an animal the participant is responsible for; no initiation measure",Canine-assisted intervention added to a 12-week CBT group reduced ADHD symptom severity more than CBT alone,False,False,External anchors
A3,Shuxin Yu; Hui Xue; Yuqing Xie; Guanyue Shao; Yihui Hao; Lijun Fan; Wei Du,2025,Review: Animal‐assisted intervention for children with attention‐deficit/hyperactivity disorder – a systematic review and meta‐analysis,Child and Adolescent Mental Health,10.1111/camh.12744,https://doi.org/10.1111/camh.12744,systematic review and meta-analysis (17 studies retrieved),"children, clinically diagnosed ADHD (307 across 8 pooled RCTs)","Children only; clinician-delivered sessions with a visiting animal, not the user caring for their own pet; no initiation outcome","Animal-assisted intervention improved attention problems (SMD -0.42), self-esteem, learning/cognition and motor proficiency but was NULL on ADHD symptom severity (0.10, -0.31 to 0.52)",False,False,External anchors
A3,Tessa Eagle; Leya Breanna Baltaxe-Admony; Kathryn E. Ringland,2023,Proposing Body Doubling as a Continuum of Space/Time and Mutuality: An Investigation with Neurodivergent Participants,The 25th International ACM SIGACCESS Conference on Computers and Accessibility,10.1145/3597638.3614486,https://doi.org/10.1145/3597638.3614486,survey / qualitative (n=220),"adults, self-identified neurodivergent (no diagnostic verification)","Closest population match, but no ADHD diagnosis and no behavioural or initiation outcome measured — descriptive only","Establishes body doubling as a real, self-reported community practice used to start and sustain tasks",False,False,External anchors
A3,Tessa Eagle; Leya Breanna Baltaxe-Admony; Kathryn E. Ringland,2024,“It Was Something I Naturally Found Worked and Heard About Later”: An Investigation of Body Doubling with Neurodivergent Participants,ACM Transactions on Accessible Computing,10.1145/3689648,https://doi.org/10.1145/3689648,"survey / qualitative (same n=220 cohort, journal version)","adults, self-identified neurodivergent","Same 220 participants as the 2023 ASSETS paper — not independent evidence; self-identified, not diagnosed","Community definition of body doubling as using another's presence to start, stay focused on, or accomplish a task",False,False,External anchors
A3,Vitica X. Arnold; Aehong Min; Clarisse Bonang; Sohyeon Park; Gillian R. Hayes; Anne Marie Piper,2025,Beyond Individual Accommodations: The Collaborative Practices of ADHD Students in Post-Secondary Education,Proceedings of the 27th International ACM SIGACCESS Conference on Computers and Accessibility,10.1145/3663547.3746324,https://doi.org/10.1145/3663547.3746324,qualitative analysis of online community discussions,"adults (post-secondary students), self-identified ADHD","Reddit-post analysis: establishes prevalence of a self-reported strategy, not efficacy",ADHD students report general strategies as inadequate and instead use co-presence/body doubling for accountability and focus,False,False,External anchors
A4,Christopher P. Cerasoli; Jessica M. Nicklin; Michael T. Ford,2014,Intrinsic motivation and extrinsic incentives jointly predict performance: A 40-year meta-analysis.,Psychological Bulletin,10.1037/a0035661,https://doi.org/10.1037/a0035661,meta-analysis,"general population; students and employees; k=183, N=212,468","Adults but general population; measured performance, not app retention or ADHD","Intrinsic motivation predicts performance whether or not incentives present, but predicts less when incentives are directly performance-contingent (crowding out)",False,False,Reward and EF
A4,Cláuvin Almeida; Marcos Kalinowski; Anderson Uchôa; Bruno Feijó,2023,Negative effects of gamification in education software: Systematic mapping and practitioner perceptions,Information and Software Technology,10.1016/j.infsof.2022.107142,https://doi.org/10.1016/j.infsof.2022.107142,systematic mapping plus practitioner survey,general population; educational software practitioners and students,Educational software; no ADHD sample; no measurement of cheating for rewards,Gamification has recognised negative effects in practice,False,False,Reward and EF
A4,Douglas A. Parry; Brittany I Davidson; Craig Sewall; Jacob T. Fisher; Hannah Mieczkowski; Daniel Quintana,2021,A systematic review and meta-analysis of discrepancies between logged and self-reported digital media use,Nature Human Behaviour,10.1038/s41562-021-01117-5,https://doi.org/10.1038/s41562-021-01117-5,systematic review and meta-analysis,mostly adults; general population,Not about reward-driven falsification and not about ADHD,Self-reported digital media use correlates only weakly-to-moderately with logged use and is rarely accurate - general reason to distrust self-reported completions,False,False,Reward and EF
A4,Edward L. Deci; Richard Koestner; Richard M. Ryan,1999,A meta-analytic review of experiments examining the effects of extrinsic rewards on intrinsic motivation.,Psychological Bulletin,10.1037/0033-2909.125.6.627,https://doi.org/10.1037/0033-2909.125.6.627,meta-analysis of 128 experiments,general population; children and college students; no ADHD relevance,"No ADHD sample at all; laboratory free-choice paradigms, not app use by self-identifying adults","Canonical undermining effect: engagement-contingent d=-0.40, completion-contingent d=-0.36, performance-contingent d=-0.28; positive feedback +0.33 free-choice",False,False,Reward and EF
A4,Edward L. Deci; Richard Koestner; Richard M. Ryan,2001,Extrinsic Rewards and Intrinsic Motivation in Education: Reconsidered Once Again,Review of Educational Research,10.3102/00346543071001001,https://doi.org/10.3102/00346543071001001,meta-analytic rebuttal,general population,No ADHD sample; education policy context,Deci/Ryan side of the dispute: Cameron & Pierce analysis argued to be flawed; tangible rewards do substantially undermine,False,False,Reward and EF
A4,Gail Tripp; Jeffery R. Wickens,2008,Research Review: Dopamine transfer deficit: a neurobiological theory of altered reinforcement mechanisms in ADHD,Journal of Child Psychology and Psychiatry,10.1111/j.1469-7610.2007.01851.x,https://doi.org/10.1111/j.1469-7610.2007.01851.x,theoretical review (dopamine transfer deficit),children; clinically diagnosed ADHD,"Theory paper, children-focused; not an empirical test in adults",Diminished anticipatory dopamine firing to reward-predicting cues; predicts dependence on immediate rather than cued/delayed reinforcement,False,False,Reward and EF
A4,Judy Cameron; Katherine M. Banko; W. David Pierce,2001,Pervasive negative effects of rewards on intrinsic motivation: The myth continues,The Behavior Analyst,10.1007/bf03392017,https://doi.org/10.1007/bf03392017,counter-rebuttal review,general population,No ADHD sample,Cameron/Pierce side of the dispute; shows the literature is genuinely contested and must be presented as such,False,False,Reward and EF
A4,Judy Cameron; W. David Pierce,1994,"Reinforcement, Reward, and Intrinsic Motivation: A Meta-Analysis",Review of Educational Research,10.3102/00346543064003363,https://doi.org/10.3102/00346543064003363,meta-analysis of 96 experiments,general population; mixed ages,No ADHD sample; education/lab settings,Counter-position: reward overall does not decrease intrinsic motivation; verbal praise increases it; negative effect confined to expected tangible rewards for mere task doing,False,False,Reward and EF
A4,Marjolein Luman; Gail Tripp; Anouk Scheres,2010,Identifying the neurobiology of altered reinforcement sensitivity in ADHD: A review and research agenda,Neuroscience & Biobehavioral Reviews,10.1016/j.neubiorev.2009.11.021,https://doi.org/10.1016/j.neubiorev.2009.11.021,review of seven neurobiological models,mixed; clinically diagnosed ADHD,Explicitly cautions the evidence base is incomplete; diagnosed samples,Altered reinforcement sensitivity in ADHD is inconsistent across studies and its subgroup structure is unknown,False,False,Reward and EF
A4,Marjolein Luman; Jaap Oosterlaan; J SERGEANT,2005,The impact of reinforcement contingencies on AD/HD: A review and theoretical appraisal,Clinical Psychology Review,10.1016/j.cpr.2004.11.001,https://doi.org/10.1016/j.cpr.2004.11.001,systematic review of 22 studies,"children; clinically diagnosed AD/HD; 22 studies, N=1181",Children and clinically diagnosed - double mismatch with self-identifying adults,Reinforcement contingencies improved task performance and motivation in ADHD (somewhat more than controls); high-intensity reinforcement effective; immediate preferred over delayed,False,False,Reward and EF
A4,Michael M. Plichta; Anouk Scheres,2014,Ventral–striatal responsiveness during reward anticipation in ADHD and its relation to trait impulsivity in the healthy population: A meta-analytic review of the fMRI literature,Neuroscience & Biobehavioral Reviews,10.1016/j.neubiorev.2013.07.012,https://doi.org/10.1016/j.neubiorev.2013.07.012,meta-analysis of fMRI studies,mixed child/adult ADHD (clinically diagnosed) plus healthy trait-impulsivity samples,"Measures brain response, not task completion; diagnosed samples","Ventral striatal hypo-responsiveness during reward anticipation in ADHD, d=0.48-0.58",False,False,Reward and EF
A4,Robert Eisenberger; Judy L. Cameron,1996,Detrimental effects of reward: Reality or myth?,American Psychologist,10.1037/0003-066x.51.11.1153,https://doi.org/10.1037/0003-066x.51.11.1153,narrative review / critical analysis,general population,No ADHD sample,"Detrimental effects of reward occur under highly restricted, easily avoidable conditions",False,False,Reward and EF
A4,Rosa Hendijani; Diane P. Bischak; Joseph Árvai; Subhasish Dugar,2016,"Intrinsic motivation, external reward, and their effect on overall motivation and performance",Human Performance,10.1080/08959285.2016.1157595,https://doi.org/10.1080/08959285.2016.1157595,randomised experiment,general population; university students,No ADHD sample; single laboratory experiment,"Performance-contingent rewards improved both motivation and performance, contradicting cognitive evaluation theory",False,False,Reward and EF
A4,Ryan S. Baker; Albert T. Corbett; Kenneth R. Koedinger,2004,Detecting Student Misuse of Intelligent Tutoring Systems,Lecture notes in computer science,10.1007/978-3-540-30139-4_50,https://doi.org/10.1007/978-3-540-30139-4_50,log-based detection study,children/adolescents; general population; no ADHD relevance,"Help-abuse in an intelligent tutoring system, not falsified task completion in a to-do app; no ADHD sample",Existence proof that users game reward/help structures to advance without doing the work,False,False,Reward and EF
A4,Sebastiaan Dovis; Saskia Van der Oord; Reínout W. Wiers; Pier J. M. Prins,2012,Can Motivation Normalize Working Memory and Task Persistence in Children with Attention-Deficit/Hyperactivity Disorder? The Effects of Money and Computer-Gaming,Research on Child and Adolescent Psychopathology,10.1007/s10802-011-9601-8,https://doi.org/10.1007/s10802-011-9601-8,experiment,children; clinically diagnosed ADHD (30 ADHD vs 31 controls),"Children, diagnosed, laboratory WM task; used here to argue the ban may remove a working mechanism",Money and computer-game reinforcement significantly improved visual-spatial working memory in ADHD children - contingent reward partially normalises a core deficit,False,False,Reward and EF
A4,Shu‐Hua Tang; Vernon C. Hall,1995,The overjustification effect: A meta‐analysis,Applied Cognitive Psychology,10.1002/acp.2350090502,https://doi.org/10.1002/acp.2350090502,"meta-analysis of 50 experiments, 256 effect sizes",general population; across age groups,"No ADHD sample; the conditions-based framing is what transfers to design, not the effect sizes","Independent overjustification meta-analysis: effect supported where theory predicts it, not supported for non-contingent or unexpected reward",False,False,Reward and EF
A5,Attig; Franke,2019,"I track, therefore I walk – Exploring the motivational costs of wearing activity trackers in actual users",International Journal of Human-Computer Studies,10.1016/j.ijhcs.2018.04.007,https://doi.org/10.1016/j.ijhcs.2018.04.007,scenario and questionnaire survey (210 actual users),"adults, general population",wearables not task apps,quantified feedback creates dependency that harms motivation; activity drops when tracker unavailable,False,False,Pet mechanics
A5,Attig; Franke,2020,Abandonment of personal quantification: A review and empirical study investigating reasons for wearable activity tracking attrition,Computers in Human Behavior,10.1016/j.chb.2019.08.025,https://doi.org/10.1016/j.chb.2019.08.025,literature review plus survey of 159 former users,"adults, general population",wearables not task apps,abandonment reasons for activity tracking attrition,False,False,Pet mechanics
A5,Buisonjé; Reijnders; Rodrigues; Santhanam; Kowatsch; Lipman; Bijmolt; Breeman; Janssen; Kraaijenhagen; Kemps; Evers,2022,Investigating Rewards and Deposit Contract Financial Incentives for Physical Activity Behavior Change Using a Smartphone App: Randomized Controlled Trial,Journal of Medical Internet Research,10.2196/38339,https://doi.org/10.2196/38339,2x2 factorial randomized trial plus no-incentive control,"adults, general population",physical activity with money; but disentangles loss framing from actual loss,"counter-evidence: loss frames significantly LESS effective than gain frames (10.50 vs 14.67 goal-days, p=.007); deposit uptake 62% vs 100%",False,False,Pet mechanics
A5,Canu; Carlson,2007,Rejection Sensitivity and Social Outcomes of Young Adult Men With ADHD,Journal of Attention Disorders,10.1177/1087054706288106,https://doi.org/10.1177/1087054706288106,cross-sectional comparison,"young adult men only (n=78 total), diagnosed ADHD subtypes plus controls","male-only, small; weakens the differential-vulnerability rationale for the ban",NULL result: hypothesis of elevated rejection sensitivity in ADHD was NOT supported,False,False,Pet mechanics
A5,Chokshi; Adusumalli; Small; Morris; Feingold; Ha; Lynch; Rareshide; Hilbert; Patel,2018,Loss‐Framed Financial Incentives and Personalized Goal‐Setting to Increase Physical Activity Among Ischemic Heart Disease Patients Using Wearable Devices: The ACTIVE REWARD Randomized Trial,Journal of the American Heart Association,10.1161/jaha.118.009173,https://doi.org/10.1161/jaha.118.009173,randomized controlled trial (24 weeks),"adults, clinical ischaemic heart disease, no ADHD relevance","cardiac patients, real money, step counts",loss-framed incentives raised steps ~1150-1370/day sustained through follow-up,False,False,Pet mechanics
A5,Diefenbach; Müssig,2019,Counterproductive effects of gamification: An analysis on the example of the gamified task manager Habitica,International Journal of Human-Computer Studies,10.1016/j.ijhcs.2018.09.004,https://doi.org/10.1016/j.ijhcs.2018.09.004,IPA single-user study plus 2-week field study (45 users),"adults, self-selected users of gamified to-do app, no ADHD screening",no ADHD measurement; closest analogue to PetTodo's product category,all users experienced counterproductive effects; most prevalent was being punished during especially productive periods; predicted motivation change,False,False,Pet mechanics
A5,Essen; Ouytsel,2023,Snapchat streaks—How are these forms of gamified interactions associated with problematic smartphone use and fear of missing out among early adolescents?,Telematics and Informatics Reports,10.1016/j.teler.2023.100087,https://doi.org/10.1016/j.teler.2023.100087,cross-sectional survey,"early adolescents (n=2483, mean age 13.46), general population","severe: adolescents, social-media streaks not task streaks",streak engagement associated with FOMO and problematic smartphone use,False,False,Pet mechanics
A5,Hammedi; Leclercq; Poncin; Alkire,2021,Uncovering the dark side of gamification at work: Impacts on engagement and well-being,Journal of Business Research,10.1016/j.jbusres.2020.08.032,https://doi.org/10.1016/j.jbusres.2020.08.032,interviews plus two field experiments,"adults, employees, no ADHD relevance",workplace gamification not personal habit apps,negative effects of gamified work on engagement and well-being,False,False,Pet mechanics
A5,Hristova; Jovicic; Göbl; Freitas; Slunecko,2022,“Why did we lose our snapchat streak?”. Social media gamification and metacommunication,Computers in Human Behavior Reports,10.1016/j.chbr.2022.100172,https://doi.org/10.1016/j.chbr.2022.100172,qualitative praxeological interviews,"adolescents aged 14-18 (n=25), general population",adolescents; social media not task apps,metacommunication around Snapchat streak loss,False,False,Pet mechanics
A5,Luman; Meel; Oosterlaan; Geurts,2012,Reward and Punishment Sensitivity in Children with ADHD: Validating the Sensitivity to Punishment and Sensitivity to Reward Questionnaire for Children (SPSRQ-C),Research on Child and Adolescent Psychopathology,10.1007/s10802-011-9547-x,https://doi.org/10.1007/s10802-011-9547-x,questionnaire validation study,children 6-13 (n=1234) plus clinically diagnosed ADHD subgroups,children; questionnaire validation not behaviour under app mechanics,recovers punishment-sensitivity factor and compares ADHD subgroups,False,False,Pet mechanics
A5,Luman; Tripp; Scheres,2010,Identifying the neurobiology of altered reinforcement sensitivity in ADHD: A review and research agenda,Neuroscience & Biobehavioral Reviews,10.1016/j.neubiorev.2009.11.021,https://doi.org/10.1016/j.neubiorev.2009.11.021,narrative review of neurobiological models,"mostly children, clinically diagnosed ADHD",children; laboratory reinforcement paradigms; explicitly contested,ADHD associated with altered reinforcement sensitivity DESPITE inconsistent findings,False,False,Pet mechanics
A5,Müller; Mellor; Pikó,2024,Associations Between ADHD Symptoms and Rejection Sensitivity in College Students: Exploring a Path Model With Indicators of Mental Well-Being,Learning Disabilities Research and Practice,10.1177/09388982241271511,https://doi.org/10.1177/09388982241271511,cross-sectional path analysis,"adults (college students, n=304), self-reported ADHD symptoms via screening scale","closest population match in this track; cross-sectional, no behaviour measured","ADHD symptoms associated with rejection sensitivity; well-being and self-regulation partial mediators, up to 50% variance",False,False,Pet mechanics
A5,Patel; Asch; Rosin; Small; Bellamy; Heuer; Sproat; Hyson; Haff; Lee; Wesby; Hoffer; Shuttleworth; Taylor; Hilbert; Zhu; Yang; Wang; Volpp,2016,Framing Financial Incentives to Increase Physical Activity Among Overweight and Obese Adults,Annals of Internal Medicine,10.7326/m15-1635,https://doi.org/10.7326/m15-1635,"randomized controlled trial (n=281, 13 weeks)","adults, general population (BMI>=27) employees, no ADHD relevance","paid financial incentives and step counts, not unpaid app affect or task completion; effects decayed post-incentive","case AGAINST the ban: only loss framing beat control on goal-days (0.45 vs 0.30; adj diff 0.16, 95% CI 0.06-0.26)",False,False,Pet mechanics
A5,Renfree; Harrison; Marshall; Stawarz; Cox,2016,Don't Kick the Habit,Proceedings of the 2016 CHI Conference Extended Abstracts on Human Factors in Computing Systems,10.1145/2851581.2892495,https://doi.org/10.1145/2851581.2892495,in-depth qualitative study,"adults, self-selected habit-app users, no ADHD screening",no ADHD measurement; small qualitative sample; behaviour domain (habit apps) matches PetTodo,streaks and reminders support repetition but create app dependency; users abandon app then disengage from the behaviour,False,False,Pet mechanics
A5,Rowney-Smith; Sutton; Quadt; Eccles,2026,The lived experience of rejection sensitivity in ADHD - A qualitative exploration,PLoS ONE,10.1371/journal.pone.0314669,https://doi.org/10.1371/journal.pone.0314669,qualitative focus groups with thematic analysis,"adults (undergraduates, n=5), self-identified/diagnosed ADHD",n=5; no behaviour measured,"lived experience of rejection sensitivity: withdrawal, masking, bodily sensations",False,False,Pet mechanics
A5,Selin; Unéus; Knudsen,2026,"""Chasing Shadows"": Understanding Personal Data Externalization and Self-Tracking for Neurodivergent Individuals",Proceedings of the 2026 CHI Conference on Human Factors in Computing Systems,10.1145/3772318.3794641,https://doi.org/10.1145/3772318.3794641,two-phase qualitative study,"adults, self-identified neurodivergent (6 workshop, 3 continuing)",very small; tracking of masking not tasks; right population,self-tracking imposes substantial interpretive and emotional demands; emotional dimensions shape engagement,False,False,Pet mechanics
A5,Weathers; Poehlman,2024,"Defining, and understanding commitment to, activity streaks",Journal of the Academy of Marketing Science,10.1007/s11747-023-00944-4,https://doi.org/10.1007/s11747-023-00944-4,conceptual and empirical (design not verifiable from retrieved record),"adults, consumers",abstract not retrievable from any indexed source this session; student must read before relying on it,cited for existence and topic only: defining commitment to activity streaks,False,False,Pet mechanics
B1,Amanda Lazar; Christian Koehler; Theresa Jean Tanenbaum; David H. Nguyen,2015,Why we use and abandon smart devices,Proceedings of the 2015 ACM International Joint Conference on Pervasive and Ubiquitous Computing (UbiComp),10.1145/2750858.2804288,https://doi.org/10.1145/2750858.2804288,qualitative HCI study,adults; general population,General population; consumer devices,Documents reasons people stop using smart devices,False,False,Reward and EF
B1,Anselm B. M. Fuermaier; Lara Tucha; Janneke Koerts; Steffen Aschenbrenner; Celina Westermann; Matthias Weisbrod; Klaus W. Lange; Oliver Tucha,2013,Complex Prospective Memory in Adults with Attention Deficit Hyperactivity Disorder,PLoS ONE,10.1371/journal.pone.0058338,https://doi.org/10.1371/journal.pone.0058338,case-control experiment,adults; clinically diagnosed ADHD (45 unmedicated patients vs 45 matched controls),Small diagnosed adult sample; no meta-analysis of PM in ADHD exists,"Large impairment in task planning, only negligible-to-small effects for plan recall, self-initiation and execution",False,False,Reward and EF
B1,Betsy Phillips; Hongxin Zhao,1993,Predictors of Assistive Technology Abandonment,Assistive Technology,10.1080/10400435.1993.10132205,https://doi.org/10.1080/10400435.1993.10132205,survey,adults with various disabilities (not ADHD); 227 respondents,"Physical assistive devices, not software; disability but not ADHD - transferring the 29.3% figure to an ADHD to-do app would be unwarranted",29.3% of assistive devices completely abandoned; abandonment peaks in first year; predictors include user opinion ignored in selection and change in needs,False,False,Reward and EF
B1,Daniel A. Epstein; An Ping; James Fogarty; Sean A. Munson,2015,A lived informatics model of personal informatics,Proceedings of the 2015 ACM International Joint Conference on Pervasive and Ubiquitous Computing (UbiComp),10.1145/2750858.2804250,https://doi.org/10.1145/2750858.2804250,qualitative/mixed-methods HCI study,adults; general population,"General population self-tracking, not ADHD",Abandonment reframed as a normal lapsing phase of tracking rather than failure,False,False,Reward and EF
B1,Edmund Sonuga‐Barke,2005,Causal Models of Attention-Deficit/Hyperactivity Disorder: From Common Simple Deficits to Multiple Developmental Pathways,Biological Psychiatry,10.1016/j.biopsych.2004.09.008,https://doi.org/10.1016/j.biopsych.2004.09.008,theoretical review (multiple developmental pathways),children/developmental; clinical ADHD,Theoretical and developmental; not an adult empirical study,No single EF deficit is universal: executive/inhibitory route plus a separate motivational delayed-reward route,False,False,Reward and EF
B1,Erik G. Willcutt; Alysa E. Doyle; Joel T. Nigg; Stephen V. Faraone; Bruce F. Pennington,2005,Validity of the Executive Function Theory of Attention-Deficit/Hyperactivity Disorder: A Meta-Analytic Review,Biological Psychiatry,10.1016/j.biopsych.2005.02.006,https://doi.org/10.1016/j.biopsych.2005.02.006,meta-analysis,"mixed ages; clinic-referred and community samples; ADHD N=3734, controls N=2969; 83 studies","Mixed-age, largely child-weighted; diagnosed and community samples","EF impaired on all tasks (ES 0.46-0.69, strongest for inhibition, vigilance, working memory, planning) BUT EF weakness is neither necessary nor sufficient for ADHD",False,False,Reward and EF
B1,Jussi Jylkkä; Liisa Ritakallio; Liya Merzon; Suvi Kangas; Matthias Kliegel; Sascha Zuber; Alexandra Hering; Matti Laine; Juha Salmi,2023,Assessment of goal-directed behavior and prospective memory in adult ADHD with an online 3D videogame simulating everyday tasks,Scientific Reports,10.1038/s41598-023-36351-6,https://doi.org/10.1038/s41598-023-36351-6,pre-registered web-based case-control study,adults; clinically diagnosed ADHD (112) vs neurotypical controls (255),Diagnosed adults; game-based measure rather than app use,Largest adult PM/goal-directed behaviour sample retrieved; naturalistic everyday-chores paradigm plus 5-day PM error diary,False,False,Reward and EF
B1,Karley-Dale S. Talbot; Ulrich Müller; Kimberly A. Kerns,2018,Prospective memory in children with attention deficit hyperactivity disorder: a review,The Clinical Neuropsychologist,10.1080/13854046.2017.1393563,https://doi.org/10.1080/13854046.2017.1393563,PRISMA-guided narrative review of six studies,children; clinically diagnosed ADHD,"Children; cite as evidence of literature thinness, not as a meta-analysis",Evidence base for PM in ADHD is very thin; deficits mainly time-based rather than event-based,False,False,Reward and EF
B1,Katta Spiel; Eva Hornecker; Anna Williams; Judith Good,2022,ADHD and Technology Research – Investigated by Neurodivergent Readers,CHI Conference on Human Factors in Computing Systems,10.1145/3491102.3517592,https://doi.org/10.1145/3491102.3517592,critical literature review from a neurodivergent insider perspective,mixed ages; ADHD (clinical framing) - review of the technology literature,"Reviews mostly child-focused systems; validates the warmth-not-correction stance but is a critique, not an effect estimate",ADHD technologies are largely built to 'mitigate' ADHD toward neuro-normative outcomes with people with ADHD rarely involved in the research,False,False,Reward and EF
B1,Kazi Sinthia Kabir; Jason Wiese,2023,A Meta-Synthesis of the Barriers and Facilitators for Personal Informatics Systems,Proceedings of the ACM on Interactive Mobile Wearable and Ubiquitous Technologies,10.1145/3610893,https://doi.org/10.1145/3610893,meta-synthesis of the personal informatics literature,general population,No ADHD sample,Eight themes of barriers and facilitators to engagement with personal informatics systems,False,False,Reward and EF
B1,Maggie E. Toplak; Richard F. West; Keith E. Stanovich,2013,Practitioner Review: Do performance‐based measures and ratings of executive function assess the same construct?,Journal of Child Psychology and Psychiatry,10.1111/jcpp.12001,https://doi.org/10.1111/jcpp.12001,"review of 20 studies, 286 correlations","13 child and 7 adult samples; clinical, non-clinical and mixed","Directly relevant caveat: PetTodo selects users on self-rated EF, which is not what EF tests measure","EF rating scales and EF performance tests dissociate: only 68/286 correlations significant, median r=0.19 - they measure different constructs",False,False,Reward and EF
B1,Mareike Altgassen; Anett Kretschmer; Matthias Kliegel,2014,Task Dissociation in Prospective Memory Performance in Individuals With ADHD,Journal of Attention Disorders,10.1177/1087054712445484,https://doi.org/10.1177/1087054712445484,case-control experiment,adults; clinically diagnosed ADHD (25 vs 25),N=50; single paradigm (Dresden Breakfast Task),Time-based prospective memory largely impaired while event-based PM intact,False,False,Reward and EF
B1,Mareike Altgassen; Anouk Scheres; Marc‐Andreas Edel,2019,Prospective memory (partially) mediates the link between ADHD symptoms and procrastination,ADHD Attention Deficit and Hyperactivity Disorders,10.1007/s12402-018-0273-x,https://doi.org/10.1007/s12402-018-0273-x,case-control experiment plus questionnaires,adults; clinically diagnosed ADHD (29 vs 24),Small diagnosed adult sample,Everyday PM deficits; PM performance mediates the link between ADHD symptoms and procrastination,False,False,Reward and EF
B1,R. Matt Alderson; Lisa J. Kasper; Kristen L. Hudec; Connor H. G. Patros,2013,Attention-deficit/hyperactivity disorder (ADHD) and working memory in adults: A meta-analytic review.,Neuropsychology,10.1037/a0032371,https://doi.org/10.1037/a0032371,meta-analytic review,adults; clinically diagnosed ADHD; 38 studies,"Clinically diagnosed adults vs PetTodo's self-identifying, mostly undiagnosed users",Moderate-magnitude phonological and visuospatial working memory deficits persist into adulthood; task moderators explain earlier inconsistency,False,False,Reward and EF
B1,Rhonda Martinussen; Jill A. Hayden; Sheilah Hogg‐Johnson; Rosemary Tannock,2005,A Meta-Analysis of Working Memory Impairments in Children With Attention-Deficit/Hyperactivity Disorder,Journal of the American Academy of Child & Adolescent Psychiatry,10.1097/01.chi.0000153228.72591.73,https://doi.org/10.1097/01.chi.0000153228.72591.73,meta-analysis,children; clinically diagnosed ADHD,Children - superseded by the adult meta-analysis for this design,Working memory impairment in children with ADHD (developmental context only),False,False,Reward and EF
B1,Russell A. Barkley,1997,"Behavioral inhibition, sustained attention, and executive functions: Constructing a unifying theory of ADHD.",Psychological Bulletin,10.1037/0033-2909.121.1.65,https://doi.org/10.1037/0033-2909.121.1.65,theoretical review,children-focused; clinical ADHD,"Theory, not an empirical test; children-focused",Behavioural inhibition as the upstream deficit with working memory and self-regulation of motivation downstream,False,False,Reward and EF
B1,Russell A. Barkley; Kevin R. Murphy,2010,Impairment in Occupational Functioning and Adult ADHD: The Predictive Utility of Executive Function (EF) Ratings Versus EF Tests,Archives of Clinical Neuropsychology,10.1093/arclin/acq014,https://doi.org/10.1093/arclin/acq014,cross-sectional / regression study,"adults; 146 diagnosed ADHD, 97 self-referred but NOT diagnosed, 109 community controls",Closest retrieved sample to PetTodo's users because it includes a self-referred undiagnosed group,EF self-ratings predicted impairment on all 11 occupational-adjustment measures where EF tests largely did not,False,False,Reward and EF
B1,Sam J. Gilbert; Annika Boldt; Chhavi Sachdeva; Chiara Scarampi; Pei‐Chun Tsai,2023,Outsourcing Memory to External Tools: A Review of ‘Intention Offloading’,Psychonomic Bulletin & Review,10.3758/s13423-022-02139-4,https://doi.org/10.3758/s13423-022-02139-4,narrative review,adults; general population; no ADHD relevance,No ADHD sample; supports the premise of an external list but says nothing about ADHD,"Intention offloading to external reminders is highly effective and metacognitively guided, with stable individual biases",False,False,Reward and EF
B2,Douglas Sjöwall; Linda M. Roth; Sofia Lindqvist; Lisa B. Thorell,2013,"Multiple deficits in ADHD: executive dysfunction, delay aversion, reaction time variability, and emotional deficits",Journal of Child Psychology and Psychiatry,10.1111/jcpp.12006,https://doi.org/10.1111/jcpp.12006,observational study with latent-variable modelling,children; clinically diagnosed ADHD (102 vs matched controls),"Children, diagnosed","Independent contributions of executive functions, delay aversion, reaction-time variability and emotional deficits - multiple deficits, not one",False,False,Reward and EF
B2,Edmund Sonuga‐Barke,2005,Causal Models of Attention-Deficit/Hyperactivity Disorder: From Common Simple Deficits to Multiple Developmental Pathways,Biological Psychiatry,10.1016/j.biopsych.2004.09.008,https://doi.org/10.1016/j.biopsych.2004.09.008,theoretical review (dual pathway),children/developmental; clinical ADHD,Theoretical and developmental,"Delay aversion as a motivational construct distinct from executive dysfunction, via frontoventral striatal reward circuitry",False,False,Reward and EF
B2,Edmund Sonuga‐Barke; Paraskevi Bitsakou; Margaret Thompson,2010,"Beyond the Dual Pathway Model: Evidence for the Dissociation of Timing, Inhibitory, and Delay-Related Impairments in Attention-Deficit/Hyperactivity Disorder",Journal of the American Academy of Child & Adolescent Psychiatry,10.1016/j.jaac.2009.12.018,https://doi.org/10.1016/j.jaac.2009.12.018,observational / latent-variable study,children; clinically diagnosed ADHD,"Children, diagnosed","Timing, inhibitory and delay-related impairments dissociate - beyond even the two-pathway model",False,False,Reward and EF
B2,Ivo Marx; Samuele Cortese; Michael Koelch; Thomas Häcker,2022,Meta-analysis: Altered Perceptual Timing Abilities in Attention-Deficit/Hyperactivity Disorder,Journal of the American Academy of Child & Adolescent Psychiatry,10.1016/j.jaac.2021.12.004,https://doi.org/10.1016/j.jaac.2021.12.004,meta-analysis,mixed but predominantly children/adolescents; clinically diagnosed ADHD; 55 studies,Child/adolescent-weighted; no adult-only timing meta-analysis exists,"Perceptual timing impaired across discrimination (esp. sub-second), estimation variability, estimation/production accuracy (accelerated internal clock); reproduction shows separable attentional and motivational (delay-aversion) contributions",False,False,Reward and EF
B2,Jacob Jackson; James MacKillop,2016,Attention-Deficit/Hyperactivity Disorder and Monetary Delay Discounting: A Meta-Analysis of Case-Control Studies,Biological Psychiatry Cognitive Neuroscience and Neuroimaging,10.1016/j.bpsc.2016.01.007,https://doi.org/10.1016/j.bpsc.2016.01.007,meta-analysis,"children AND adults; clinically diagnosed ADHD; 25 case-control comparisons, N=3913","Diagnosed samples, but the null age moderation is the only warrant in this track for extending child-derived findings to adults","Steeper monetary delay discounting in ADHD, d=0.43, with NO moderation by age (<18 vs >18), real vs hypothetical reward, or comorbidity; minimal heterogeneity",False,False,Reward and EF
B2,Lisa B. Thorell; Douglas Sjöwall; Gabry W. Mies; Anouk Scheres,2017,"Quick Delay Questionnaire: Reliability, validity, and relations to functional impairments in adults with attention-deficit/hyperactivity disorder (ADHD).",Psychological Assessment,10.1037/pas0000421,https://doi.org/10.1037/pas0000421,psychometric validation study,"adults; 51 clinically diagnosed ADHD, 46 clinical controls with other psychiatric disorders, 105 non-clinical controls","Diagnosed adults, but the closest usable adult delay-aversion instrument and evidence",Adults with ADHD scored higher on both QDQ subscales than normal controls and reported more delay aversion than clinical controls,False,False,Reward and EF
B2,Que Zheng; Xinyue Wang; Ka Yu Chiu; Kathy Kar‐man Shum,2022,Time Perception Deficits in Children and Adolescents with ADHD: A Meta-analysis,Journal of Attention Disorders,10.1177/1087054720978557,https://doi.org/10.1177/1087054720978557,meta-analysis,children and adolescents; clinically diagnosed ADHD; 1620 ADHD vs 1249 controls; 27 studies,Children/adolescents only - these effect sizes must not be cited as adult figures,"Time perceived less accurately (Hedges g > 0.40) and less precisely (g = 0.66), with a tendency to overestimate; not moderated by task type or modality",False,False,Reward and EF
B2,Rafaela Marco; Ana Miranda; Wolff Schlotz; Amanda Meliá; Aisling Mulligan; Ueli C. Müller; Penny Andreou; Louise Butler; Hanna Christiansen; Isabel Gabriëls; S Medad; Björn Albrecht; Henrik Uebel; Philip Asherson; Tobias Banaschewski; Michael Gill; Jonna Kuntsi; Fernando Mulas; Robert D. Oades; Herbert Roeyers; Hans‐Christoph Steinhausen; Aribert Rothenberger; Stephen V. Faraone; Edmund Sonuga‐Barke,2009,Delay and reward choice in ADHD: An experimental test of the role of delay aversion.,Neuropsychology,10.1037/a0014914,https://doi.org/10.1037/a0014914,experimental family study,"children/adolescents aged 6-17; clinically diagnosed ADHD (360 probands, 349 siblings, 112 controls)","Children/adolescents, diagnosed; monetary/points choice task",Separates impulsive drive for immediate reward from delay aversion; ADHD chose smaller-sooner more than controls under both delay conditions,False,False,Reward and EF
B2,Sylvia Clare; Suzannah K. Helps; Edmund Sonuga‐Barke,2010,The quick delay questionnaire: a measure of delay aversion and discounting in adults,ADHD Attention Deficit and Hyperactivity Disorders,10.1007/s12402-010-0020-4,https://doi.org/10.1007/s12402-010-0020-4,instrument development study,adults; developed for adult self-report,"Adults, but developed in an ADHD-research context; delay aversion here is self-reported",Quick Delay Questionnaire: a self-report measure of delay aversion and discounting in adults,False,False,Reward and EF
B2,Terje Sagvolden; Espen Borgå Johansen; Heidi Aase; Vivienne A. Russell,2005,a dynamic developmental theory of attention-deficit/hyperactivity disorder (adhd) predominantly hyperactive/impulsive and combined subtypes,Behavioral and Brain Sciences,10.1017/s0140525x05000075,https://doi.org/10.1017/s0140525x05000075,theoretical review (dynamic developmental theory),children and animal models; clinical/preclinical,Theory paper drawing on child and animal data,Steepened delay-of-reinforcement gradient as a core mechanism,False,False,Reward and EF
B2,Valdas Noreika; Christine M. Falter; Katya Rubia,2013,Timing deficits in attention-deficit/hyperactivity disorder (ADHD): Evidence from neurocognitive and neuroimaging studies,Neuropsychologia,10.1016/j.neuropsychologia.2012.09.036,https://doi.org/10.1016/j.neuropsychologia.2012.09.036,narrative review of neurocognitive and neuroimaging studies,mixed; clinically diagnosed ADHD,"Review, mixed ages, diagnosed samples",Neural and cognitive basis of timing deficits in ADHD,False,False,Reward and EF
B3,Anderson,2003,The psychology of doing nothing: Forms of decision avoidance result from reason and emotion.,Psychological Bulletin,10.1037/0033-2909.129.1.139,https://doi.org/10.1037/0033-2909.129.1.139,systematic review / integrative review,"adults, general population, no ADHD relevance",Mechanism only; no measurement of list length or of task-list avoidance; no ADHD sample,"Decision avoidance, deferral and status-quo bias as a mechanism for opening a list and closing it again",False,False,Interface evidence
B3,"Bellotti, Dalal, Good, Flynn, Bobrow, Ducheneaut",2004,What a to-do,Proceedings of the SIGCHI Conference on Human Factors in Computing Systems (CHI '04),10.1145/985692.985785,https://doi.org/10.1145/985692.985785,qualitative (field studies),"working adults, general population, no ADHD relevance","Descriptive, not a manipulation of list length; no ADHD sample",Descriptive evidence on how people actually keep to-dos; the closest HCI work to the artefact,False,False,Interface evidence
B3,"Canela, Buadze, Dube, Eich, Liebrenz",2017,Skills and compensation strategies in adult ADHD – A qualitative study,PLoS ONE,10.1371/journal.pone.0184964,https://doi.org/10.1371/journal.pone.0184964,qualitative (interview study),"adults, clinically diagnosed ADHD (32 specialty-care outpatients)","Clinically diagnosed specialty-care patients, not self-identifying undiagnosed adults; says nothing about list length",Closest population match retrieved; documents self-generated organisational coping strategies pre-diagnosis,False,False,Interface evidence
B3,"Chernev, Böckenholt, Goodman",2015,Choice overload: A conceptual review and meta‐analysis,Journal of Consumer Psychology,10.1016/j.jcps.2014.08.002,https://doi.org/10.1016/j.jcps.2014.08.002,"meta-analysis (99 observations, N=7202)","adults, general population, no ADHD relevance","Consumer choice outcomes, not to-do completion; assortments of ~6 vs 24-30, no threshold near 7","Choice overload is real once four moderators are modelled (set complexity, task difficulty, preference uncertainty, decision goal); outcomes are satisfaction/regret/deferral/switching",False,False,Interface evidence
B3,Cowan,2001,The magical number 4 in short-term memory: A reconsideration of mental storage capacity,Behavioral and Brain Sciences,10.1017/s0140525x01003922,https://doi.org/10.1017/s0140525x01003922,systematic review (integrative target article),"adults, general population, no ADHD relevance","Working memory capacity, not interface item count; no ADHD sample",States that Miller's seven was meant more as a rough estimate and rhetorical device than a real capacity limit; argues the limit is 3-5 chunks,False,False,Interface evidence
B3,"Iyengar, Lepper",2000,When choice is demotivating: Can one desire too much of a good thing?,Journal of Personality and Social Psychology,10.1037/0022-3514.79.6.995,https://doi.org/10.1037/0022-3514.79.6.995,experimental (field and laboratory),"adults, general population, no ADHD relevance","Jam/essay/chocolate choice, not task lists; effect among those the 2010 meta-analysis failed to generalise",Origin of the 6-vs-24 choice-overload framing the student's cap resembles,False,False,Interface evidence
B3,"Kung, Scholer",2021,Moving Beyond Two Goals: An Integrative Review and Framework for the Study of Multiple Goals,Personality and Social Psychology Review,10.1177/1088868320985810,https://doi.org/10.1177/1088868320985810,systematic review / integrative review,"adults, general population, no ADHD relevance",No quantified upper bound on simultaneous goals; no ADHD sample,Shows 'too many goals' is under-quantified: the field has largely studied only two goals at a time,False,False,Interface evidence
B3,"McShane, Böckenholt",2018,Multilevel Multivariate Meta-analysis with Application to Choice Overload,Psychometrika,10.1007/s11336-017-9571-z,https://doi.org/10.1007/s11336-017-9571-z,meta-analysis (methodological re-analysis),"adults, general population, no ADHD relevance",Same consumer-choice corpus; no task-management or ADHD data,"Choice overload varies substantially across the dependent measures used, i.e. it is measure-dependent rather than a stable constant",False,False,Interface evidence
B3,Miller,1956,"The magical number seven, plus or minus two: Some limits on our capacity for processing information.",Psychological Review,10.1037/h0043158,https://doi.org/10.1037/h0043158,expert opinion / theoretical review of experiments,"adults, general population, no ADHD relevance","Memory span, not visible list length; a to-do list is external memory and removes the demand the number describes",Shows the '7±2' figure concerns span of absolute judgment and immediate memory span for chunks — NOT the number of items usefully displayed,False,False,Interface evidence
B3,"Scheibehenne, Greifeneder, Todd",2010,Can There Ever Be Too Many Options? A Meta-Analytic Review of Choice Overload,Journal of Consumer Research,10.1086/651235,https://doi.org/10.1086/651235,"meta-analysis (63 conditions, 50 experiments, N=5036)","adults, general population, no ADHD relevance","Consumer assortment choice, not task lists; no ADHD or self-identified sample",Choice overload is contested: mean effect size virtually zero with large between-study variance; no sufficient conditions identified,False,False,Interface evidence
B3,Steel,2007,The nature of procrastination: A meta-analytic and theoretical review of quintessential self-regulatory failure.,Psychological Bulletin,10.1037/0033-2909.133.1.65,https://doi.org/10.1037/0033-2909.133.1.65,meta-analysis,"adults, mostly student general population, not ADHD-defined",No ADHD sampling; no list-length manipulation,Task aversiveness among the strongest correlates of procrastination — relevant to avoidance but silent on list length,False,False,Interface evidence
B4,"Anderson, Jenkins, Vance, Kirwan, Eargle",2016,Your memory is working against you: How eye tracking and memory explain habituation to security warnings,Decision Support Systems,10.1016/j.dss.2016.09.010,https://doi.org/10.1016/j.dss.2016.09.010,RCT / controlled experiment (eye tracking),"adults, general population, no ADHD relevance",Security warnings; no ADHD sample,(i) Supporting mechanism for habituation to repeated warnings,False,False,Interface evidence
B4,"Anderson, Kirwan, Jenkins, Eargle, Howard, Vance",2015,How Polymorphic Warnings Reduce Habituation in the Brain,Proceedings of the 33rd Annual ACM Conference on Human Factors in Computing Systems (CHI '15),10.1145/2702123.2702322,https://doi.org/10.1145/2702123.2702322,RCT / controlled experiment (fMRI + mouse-cursor tracking),"adults, general population, no ADHD relevance","Security warnings and visual appearance, with attention as outcome — not reminder text, not task initiation, not ADHD",(i) Varied copy: habituation appears after only the second exposure; polymorphic (varying) warnings are substantially more resistant,False,False,Interface evidence
B4,"Bell, Garnett, Bao, Cheng, Qian, Perski, Potts, Williamson",2023,How Notifications Affect Engagement With a Behavior Change App: Results From a Micro-Randomized Trial,JMIR mHealth and uHealth,10.2196/38342,https://doi.org/10.2196/38342,"RCT (micro-randomised trial, 30 days)","adults (350 UK users, AUDIT>=8), general population, no ADHD relevance","Alcohol-reduction diary app in general adult population; not ADHD, not task initiation, and the outcome is app opening not task completion",(i) CONTRARY: a 30-message varied-copy bank was no more effective than one fixed standard message; notification raised next-hour app opening 3.5-fold (95% CI 2.91-4.25) but time to disengagement did not differ across arms. (iii) Also contrary for back-off: withholding notifications did not change time to disengagement,False,False,Interface evidence
B4,"Fry, Neff",2009,Periodic Prompts and Reminders in Health Promotion and Health Behavior Interventions: Systematic Review,Journal of Medical Internet Research,10.2196/jmir.1138,https://doi.org/10.2196/jmir.1138,systematic review (19 articles),"adults, general population, no ADHD relevance",Weight/physical activity/diet prompts in general adults; no ADHD sample and no back-off condition,(iii) Searched explicitly for prompt characteristics associated with superior results; yields no frequency-tapering rule,False,False,Interface evidence
B4,"Lally, van Jaarsveld, Potts, Wardle",2010,How are habits formed: Modelling habit formation in the real world,European Journal of Social Psychology,10.1002/ejsp.674,https://doi.org/10.1002/ejsp.674,observational (12-week longitudinal),"adults (96 volunteers), general population, no ADHD relevance","General-population volunteers on eating/drinking/activity behaviours; cue consistency inferred from context stability, not from notification timing",(ii) CONTRARY to jitter: behaviour performed daily in the SAME context; more consistent performance was associated with better automaticity-curve fit. Also: time to 95% of automaticity asymptote ranged 18-254 days,False,False,Interface evidence
B4,"Morrison, Hargood, Pejović, Geraghty, Lloyd, Goodman, Michaelides, Weston, Musolesi, Weal, Yardley",2017,The Effect of Timing and Frequency of Push Notifications on Usage of a Smartphone-Based Stress Management Intervention: An Exploratory Trial,PLoS ONE,10.1371/journal.pone.0169162,https://doi.org/10.1371/journal.pone.0169162,RCT (exploratory randomised trial),"adults (77 participants), general population, no ADHD relevance","Stress-management app, general adults; manipulates when/how often, not small random offsets; no ADHD sample",(ii) Timing: context-adaptive delivery did not meaningfully beat a fixed daily window. (iii) CONTRARY for back-off: the occasional-notification group viewed and actioned FEWER notifications than the daily group; frequent notifications increased exposure without deterring engagement,False,False,Interface evidence
B4,"Nahum-Shani, Smith, Spring, Collins, Witkiewitz, Tewari, Murphy",2018,Just-in-Time Adaptive Interventions (JITAIs) in Mobile Health: Key Components and Design Principles for Ongoing Health Behavior Support,Annals of Behavioral Medicine,10.1007/s12160-016-9830-8,https://doi.org/10.1007/s12160-016-9830-8,expert opinion (design-principles synthesis),no sample (conceptual paper),Conceptual; provides vocabulary for back-off but no evidence for any specific schedule; not ADHD-specific,"(iii) Names adapting the type/amount of support as a design principle, and warns that many JITAIs are built with minimal use of evidence or theory",False,False,Interface evidence
B4,"Park, Lee",2023,Understanding Disengagement in Just-in-Time Mobile Health Interventions,"Proceedings of the ACM on Interactive, Mobile, Wearable and Ubiquitous Technologies",10.1145/3596240,https://doi.org/10.1145/3596240,qualitative / mixed-methods (8-week user study),"adults (54 college students), general population, no ADHD relevance","College students, general population; self-report drivers rather than a manipulation of copy or timing","(i) and (iii): boredom and habituation to repetitive, monotonous interventions, plus inopportune alarms and low rewards, named as disengagement drivers",False,False,Interface evidence
B4,"Pinder, Vermeulen, Cowan, Beale",2018,Digital Behaviour Change Interventions to Break and Form Habits,ACM Transactions on Computer-Human Interaction,10.1145/3196830,https://doi.org/10.1145/3196830,systematic review / critical review,"adults, general population, no ADHD relevance","Review, no primary sample; no ADHD-specific analysis",(ii) Habit-focused design framing (Habit Alteration Model) and the argument that most interventions ignore habitual behaviour,False,False,Interface evidence
B4,"Vance, Jenkins, Anderson, Bjornn, Kirwan",2018,"Tuning Out Security Warnings: A Longitudinal Examination of Habituation Through fMRI, Eye Tracking, and Field Experiments",MIS Quarterly,10.25300/misq/2018/14124,https://doi.org/10.25300/misq/2018/14124,RCT / controlled experiments (two longitudinal: lab neuroimaging + 3-week field),"adults, general population, no ADHD relevance","Security/permission warnings, general population; attention and adherence rather than task completion","(i) Varied copy: attention declines over a workweek, recovers partially without exposure, and polymorphic design substantially reduces habituation; field adherence declines with repetition",False,False,Interface evidence
B4,"Vance, Kirwan, Bjornn, Jenkins, Anderson",2017,What Do We Really Know about How Habituation to Warnings Occurs Over Time?,Proceedings of the 2017 CHI Conference on Human Factors in Computing Systems,10.1145/3025453.3025896,https://doi.org/10.1145/3025453.3025896,RCT / controlled experiment,"adults, general population, no ADHD relevance",Security warnings; no ADHD sample,(i) Supporting evidence on the time course of habituation to warnings,False,False,Interface evidence
B4,"Wood, Rünger",2016,Psychology of Habit,Annual Review of Psychology,10.1146/annurev-psych-122414-033417,https://doi.org/10.1146/annurev-psych-122414-033417,systematic review / narrative review,"adults, general population, no ADHD relevance",Review of general-population habit research; no ADHD sample and no notification-timing data,(ii) CONTRARY to jitter: stable cue-context associations as the mechanism by which repetition becomes automatic,False,False,Interface evidence
B5,"Dichev, Dicheva",2017,"Gamifying education: what is known, what is believed and what remains uncertain: a critical review",International Journal of Educational Technology in Higher Education,10.1186/s41239-017-0042-5,https://doi.org/10.1186/s41239-017-0042-5,systematic review / critical review,"students, general population, no ADHD relevance","Educational contexts; not ADHD, not companion agents",Insufficient evidence for long-term benefits of gamification; practice has outpaced understanding of mechanisms,False,False,Interface evidence
B5,"Dodd, Fowler, Lottridge",2025,Purr-ogrammed love: A narrative review of virtual pets,Entertainment Computing,10.1016/j.entcom.2025.100958,https://doi.org/10.1016/j.entcom.2025.100958,systematic review / narrative review,"mixed, largely non-clinical samples across 45 articles",Narrative review across decades and disciplines; no ADHD sample and no need-satisfaction measurement,"Establishes that virtual pets remain under-researched despite continued popularity; themes include health and habits, life and death, and ethics",False,False,Interface evidence
B5,"Gillison, Rouse, Standage, Sebire, Ryan",2019,A meta-analysis of techniques to promote motivation for health behaviour change from a self-determination theory perspective,Health Psychology Review,10.1080/17437199.2018.1534071,https://doi.org/10.1080/17437199.2018.1534071,meta-analysis,"adults, general health samples, no ADHD relevance","Health behaviour change, not ADHD executive function",Which techniques promote autonomous motivation from an SDT perspective,False,False,Interface evidence
B5,"Hamari, Koivisto, Sarsa",2014,Does Gamification Work? -- A Literature Review of Empirical Studies on Gamification,2014 47th Hawaii International Conference on System Sciences (HICSS),10.1109/hicss.2014.377,https://doi.org/10.1109/hicss.2014.377,systematic review,mixed samples,Review; not ADHD-specific,Early evidence that gamification effects are context-dependent and mixed,False,False,Interface evidence
B5,"Johnson, Deterding, Kuhn, Staneva, Stoyanov, Hides",2016,Gamification for health and wellbeing: A systematic review of the literature,Internet Interventions,10.1016/j.invent.2016.10.002,https://doi.org/10.1016/j.invent.2016.10.002,systematic review,mixed health samples,Health/wellbeing generally; not ADHD,Evidence base for gamification in health and wellbeing is positive but limited in quality,False,False,Interface evidence
B5,"Koivisto, Hamari",2019,The rise of motivational information systems: A review of gamification research,International Journal of Information Management,10.1016/j.ijinfomgt.2018.10.013,https://doi.org/10.1016/j.ijinfomgt.2018.10.013,systematic review,mixed samples across 819 studies,Review across domains; no ADHD-specific analysis,"Core 'loose theory' critique: the field advanced without agenda or theoretical guidance, results lean positive but with a remarkable amount of mixed findings, and it lacks coherence in research models and consistency in variables and theoretical foundations",False,False,Interface evidence
B5,"Morsink, Van der Oord, Antrop, Danckaerts, Scheres",2022,Studying Motivation in ADHD: The Role of Internal Motives and the Relevance of Self Determination Theory,Journal of Attention Disorders,10.1177/10870547211050948,https://doi.org/10.1177/10870547211050948,expert opinion (conceptual/agenda paper),no primary sample; reviews ADHD literature that is predominantly children/adolescents with clinically diagnosed ADHD,"Position paper, not evidence; underlying ADHD literature is diagnosed children/adolescents, not self-identifying adults","The only retrieved work connecting SDT to ADHD directly; argues ADHD research over-focuses on reinforcement and neglects internal motives, and raises potential negative effects of external reinforcers on intrinsic motivation and well-being",False,False,Interface evidence
B5,"Ntoumanis, Ng, Prestwich, Quested, Hancox, Thøgersen-Ntoumani, Deci, Ryan, Lonsdale, Williams",2021,"A meta-analysis of self-determination theory-informed intervention studies in the health domain: effects on motivation, health behavior, physical, and psychological health",Health Psychology Review,10.1080/17437199.2020.1718529,https://doi.org/10.1080/17437199.2020.1718529,meta-analysis (73 experimental studies),"adults, mixed health-domain samples, no ADHD relevance","Health promotion and disease management, not ADHD, not task management or companion agents",Strongest defensible SDT citation: SDT-based interventions produce small-to-medium changes in SDT constructs and small positive health-behaviour changes; effects modest and heterogeneous; need support and autonomous motivation (not controlled motivation) linked to change,False,False,Interface evidence
B5,"Peters, Calvo, Ryan",2018,"Designing for Motivation, Engagement and Wellbeing in Digital Experience",Frontiers in Psychology,10.3389/fpsyg.2018.00797,https://doi.org/10.3389/fpsyg.2018.00797,"expert opinion (theoretical framework, METUX)",no sample (framework paper),"Framework, no empirical sample; not ADHD-specific",Right citation for applying SDT to technology design a priori rather than post hoc,False,False,Interface evidence
B5,"Przybylski, Rigby, Ryan",2010,A Motivational Model of Video Game Engagement,Review of General Psychology,10.1037/a0019440,https://doi.org/10.1037/a0019440,systematic review / theoretical review,"adults, general/player population, no ADHD relevance","Review of game research; not ADHD, not productivity tools",Consolidates the SDT account of game engagement,False,False,Interface evidence
B5,"Ryan, Rigby, Przybylski",2006,The Motivational Pull of Video Games: A Self-Determination Theory Approach,Motivation and Emotion,10.1007/s11031-006-9051-8,https://doi.org/10.1007/s11031-006-9051-8,observational / experimental studies,"adults, general/player population, no ADHD relevance",Video game play in general players; no ADHD sample and no task-management outcome,"Canonical citation that games satisfy autonomy, competence and relatedness (the PENS line)",False,False,Interface evidence
B5,"Sailer, Hense, Mayr, Mandl",2017,How gamification motivates: An experimental study of the effects of specific game design elements on psychological need satisfaction,Computers in Human Behavior,10.1016/j.chb.2016.12.033,https://doi.org/10.1016/j.chb.2016.12.033,"RCT (randomised controlled study, online simulation)","adults, general population, no ADHD relevance","Short online simulation with self-report need scales in general adults; not a months-long pet relationship, not ADHD. OpenAlex records publication year 2016, journal issue April 2017","Best available evidence that a non-human character can move relatedness: avatars, meaningful stories and teammates affected social relatedness; badges/leaderboards/graphs affected competence; perceived decision freedom (autonomy) could NOT be affected as intended",False,False,Interface evidence
B5,"Seaborn, Fels",2015,Gamification in theory and action: A survey,International Journal of Human-Computer Studies,10.1016/j.ijhcs.2014.09.006,https://doi.org/10.1016/j.ijhcs.2014.09.006,systematic review / survey,mixed samples,"Review; not ADHD-specific. OpenAlex records publication year 2014, journal issue February 2015",Standard citation for gamification's uneven theoretical grounding,False,False,Interface evidence
B5,"Vansteenkiste, Ryan, Soenens",2020,"Basic psychological need theory: Advancements, critical themes, and future directions",Motivation and Emotion,10.1007/s11031-019-09818-1,https://doi.org/10.1007/s11031-019-09818-1,systematic review / theoretical review,no sample (theoretical review),Theory; no ADHD-specific content,"Primary source for what the three basic needs actually claim, rather than a secondary paraphrase",False,False,Interface evidence
B5,"Villalobos-Zúñiga, Cherubini",2020,Apps That Motivate: a Taxonomy of App Features Based on Self-Determination Theory,International Journal of Human-Computer Studies,10.1016/j.ijhcs.2020.102449,https://doi.org/10.1016/j.ijhcs.2020.102449,observational (feature analysis / taxonomy),no user sample (208 apps analysed),"Maps features to constructs analytically; does NOT measure need satisfaction in users, and no ADHD sample",Maps 12 app design features onto SDT constructs — useful for framing PetTodo's features,False,False,Interface evidence
C1,Amy F.T. Arnsten,2009,Stress signalling pathways that impair prefrontal cortex structure and function,Nature reviews. Neuroscience,10.1038/nrn2648,https://doi.org/10.1038/nrn2648,review,animal-dominant; general population,"Animal-dominant, not ADHD, not deadline urgency",PFC is selectively vulnerable to stress; even mild acute uncontrollable stress causes rapid loss of prefrontal cognitive abilities,False,False,External anchors
C1,Amy F.T. Arnsten,2009,Toward a New Understanding of Attention-Deficit Hyperactivity Disorder Pathophysiology,CNS Drugs,10.2165/00023210-200923000-00005,https://doi.org/10.2165/00023210-200923000-00005,review,ADHD; mixed child and adult imaging evidence,"Review, mixed ages; used to show ADHD sits low on the inverted U, so urgency may move a person toward the optimum rather than past it","In ADHD, prefrontal regions are UNDERACTIVE with weakened connectivity — the opposite direction from the stress-shift account",False,False,External anchors
C1,Amy F.T. Arnsten,2011,Catecholamine Influences on Dorsolateral Prefrontal Cortical Networks,Biological Psychiatry,10.1016/j.biopsych.2011.01.027,https://doi.org/10.1016/j.biopsych.2011.01.027,review,non-human primate physiology applied to human ADHD,Primate physiology; not a direct test of urgency in ADHD adults,Catecholamine modulation of dlPFC follows an inverted U; noradrenaline strengthens network connectivity via alpha-2A receptors and dopamine sculpts via D1; all ADHD medications act by enhancing these,False,False,External anchors
C1,Amy F.T. Arnsten,2015,Stress weakens prefrontal networks: molecular insults to higher cognition,Nature Neuroscience,10.1038/nn.4087,https://doi.org/10.1038/nn.4087,narrative mechanistic review,rodent and non-human primate work with some human translation; general population,"Not ADHD, not deadline urgency, not initiation; describes IMPAIRMENT under threat. The community claim is a distortion of this paper","The actual source claim: acute UNCONTROLLABLE STRESS drives catecholamines past optimum, weakening PFC connectivity while strengthening sensory cortex, amygdala and striatum — flipping behaviour from reflective to reflexive",False,False,External anchors
C1,Barış Metin; Herbert Roeyers; Jan R. Wiersema; Jaap van der Meere; Edmund Sonuga‐Barke,2012,A Meta-Analytic Study of Event Rate Effects on Go/No-Go Performance in Attention-Deficit/Hyperactivity Disorder,Biological Psychiatry,10.1016/j.biopsych.2012.08.023,https://doi.org/10.1016/j.biopsych.2012.08.023,meta-analysis,predominantly children and adolescents with diagnosed ADHD,"Lab go/no-go performance, not real-world initiation; predominantly paediatric samples",Event rate (stimulation rate) systematically moderates go/no-go performance in ADHD — the state-regulation prediction confirmed,False,False,External anchors
C1,Edmund Sonuga‐Barke,2002,Psychological heterogeneity in AD/HD—a dual pathway model of behaviour and cognition,Behavioural Brain Research,10.1016/s0166-4328(01)00432-6,https://doi.org/10.1016/s0166-4328(01)00432-6,theoretical paper,child-derived model of ADHD,Child-derived model; theoretical rather than empirical,Dual-pathway model: delay aversion as an affective route distinct from executive dysfunction — why distant deadlines are aversive and near ones tractable,False,False,External anchors
C1,Edmund Sonuga‐Barke; Jan R. Wiersema; J.J. Van der Meere; Herbert Roeyers,2010,Context-dependent Dynamic Processes in Attention Deficit/Hyperactivity Disorder: Differentiating Common and Unique Effects of State Regulation Deficits and Delay Aversion,Neuropsychology Review,10.1007/s11065-009-9115-0,https://doi.org/10.1007/s11065-009-9115-0,theoretical review,ADHD; predominantly paediatric evidence base,Theoretical review built on child-dominant evidence,Formal statement of the state-regulation deficit vs delay aversion distinction — context-dependent dynamic processes in ADHD,False,False,External anchors
C1,Erno J. Hermans; Hein J. F. van Marle; Lindsey Ossewaarde; Marloes J. A. G. Henckens; Shaozheng Qin; Marlieke Van Kesteren; Vincent C. Schoots; Helena Cousijn; Mark Rijpkema; Robert Oostenveld; Guillén Fernández,2011,Stress-Related Noradrenergic Activity Prompts Large-Scale Neural Network Reconfiguration,Science,10.1126/science.1209603,https://doi.org/10.1126/science.1209603,pharmacological fMRI experiment,"healthy human adults, general population, no ADHD","Fear-related acute stressor, not a deadline; healthy adults; the shift is to a distributed salience network, not to the amygdala as a single locus of 'drive'","Human evidence for the stress-induced shift: a salience network including amygdala, thalamus, hypothalamus, midbrain and frontoinsular/dACC increased coupling in proportion to stress response, abolished by beta-adrenergic blockade but not cortisol inhibition",False,False,External anchors
C1,Marjolein Luman; Jaap Oosterlaan; J SERGEANT,2005,The impact of reinforcement contingencies on AD/HD: A review and theoretical appraisal,Clinical Psychology Review,10.1016/j.cpr.2004.11.001,https://doi.org/10.1016/j.cpr.2004.11.001,review and theoretical appraisal of experimental reinforcement manipulations,children with diagnosed ADHD,"Children; experimental reinforcement manipulations, not naturalistic initiation",ADHD performance is unusually sensitive to reinforcement contingencies — the reinforcement-salience half of the replacement account,False,False,External anchors
C2,"Arnett, McGrath, Flaherty, Pennington, Willcutt",2022,Heritability and Clinical Characteristics of Neuropsychological Profiles in Youth With and Without Elevated ADHD Symptoms,Journal of Attention Disorders,10.1177/10870547221075842,https://doi.org/10.1177/10870547221075842,"latent class analysis, twin heritability study","children (school-age twins, N=2,564) enriched for ELEVATED ADHD SYMPTOMS - i.e. subclinical/high-trait as well as clinical","Children; but symptom-elevated rather than purely clinically referred, so closer to self-identified users than most of this literature.","Five neuropsychological profiles replicated across twin 1 and twin 2 datasets and were heritable, but heritability was lower than that of ADHD status and the profiles are NOT strong candidate endophenotypes - replication caution for subtyping",False,False,Heterogeneity
C2,"Coghill, Seth, Matthews",2014,"A comprehensive assessment of memory, delay aversion, timing, inhibition, decision making and variability in attention deficit hyperactivity disorder: advancing beyond the three-pathway models",Psychological Medicine,10.1017/s0033291713002547,https://doi.org/10.1017/s0033291713002547,case-control observational,"children (boys only); 83 medication-naive boys with well-characterised clinically diagnosed ADHD, mean age 8.9, vs 66 typically developing boys","Severe mismatch: boys only, children only, clinically diagnosed and medication-naive; PetTodo users are self-identifying adults of both sexes. The pattern (minority impairment per domain) transfers; the exact percentages do not.","THE key quantitative analogue to the 5-10% claim: only a minority of the ADHD sample was impaired in each domain - working memory 30.1%, inhibition 22.9%, delay aversion 36.1%, decision making 20.5%, timing 31.3%, response variability 18.1%",False,False,Heterogeneity
C2,"Fair, Bathula, Nikolas, Nigg",2012,Distinct neuropsychological subgroups in typically developing youth inform heterogeneity in children with ADHD,Proceedings of the National Academy of Sciences,10.1073/pnas.1115365109,https://doi.org/10.1073/pnas.1115365109,"observational, graph theory / community detection plus SVM classification",youth (children/adolescents); large dataset of typically developing youth and youth with clinically diagnosed ADHD,"Youth, diagnosed; the general-population comparison group is central to the finding, not incidental.",Nested-subgroup finding: some of the heterogeneity in individuals with ADHD is 'nested' in normal variation rather than being disorder-specific,False,False,Heterogeneity
C2,"Karalunas, Fair, Musser, Aykes, Iyer, Nigg",2014,Subtyping Attention-Deficit/Hyperactivity Disorder Using Temperament Dimensions: Toward Biologically Based Nosologic Criteria,JAMA Psychiatry,10.1001/jamapsychiatry.2014.763,https://doi.org/10.1001/jamapsychiatry.2014.763,observational community-detection subtyping - RETRACTED AND REPLACED,children; 437 community-recruited children with and without ADHD,"Children, community-recruited; and retracted, so unusable as evidence regardless of population.","RETRACTION WARNING ONLY. The retrieved OpenAlex record carries is_retracted=true, as does the 2018 Notice of Retraction and Replacement (doi 10.1001/jamapsychiatry.2018.0013). Do NOT cite as evidence for temperament-based ADHD subtypes; it is usable only as an illustration of the replication fragility of ADHD subtyping.",True,False,Heterogeneity
C2,"Karalunas, Fair, Musser, Aykes, Iyer, Nigg",2018,Notice of Retraction and Replacement. Karalunas et al. Subtyping attention-deficit/hyperactivity disorder using temperament dimensions (JAMA Psychiatry. 2014;71(9):1015-1024),JAMA Psychiatry,10.1001/jamapsychiatry.2018.0013,https://doi.org/10.1001/jamapsychiatry.2018.0013,retraction and replacement notice,n/a,n/a,Documents the retraction and replacement of the 2014 temperament-subtyping paper; cited only as the retraction record,True,True,Synthesis
C2,"Karalunas, Nigg",2020,Heterogeneity and Subtyping in Attention-Deficit/Hyperactivity Disorder-Considerations for Emerging Research Using Person-Centered Computational Approaches,Biological Psychiatry,10.1016/j.biopsych.2019.11.002,https://doi.org/10.1016/j.biopsych.2019.11.002,narrative review,mixed/children; review of studies using diagnosed ADHD samples,Review level; underlying samples diagnosed and mostly children.,"Few if any experts believe DSM/ICD diagnostic categories are discrete disease entities; children with ADHD vary considerably in symptom profiles, trajectories, clinical outcomes and biological correlates. Non-retracted substitute for the retracted Karalunas 2014 subtyping paper.",False,False,Heterogeneity
C2,"Kofler, Irwin, Soto, Groves, Harmon, Sarver",2019,Executive Functioning Heterogeneity in Pediatric ADHD,"Journal of Abnormal Child Psychology (indexed in OpenAlex under the journal's current title, Research on Child and Adolescent Psychopathology)",10.1007/s10802-018-0438-2,https://doi.org/10.1007/s10802-018-0438-2,case-control observational with reliability correction,"children aged 8-13 (N=136, 64 girls); clinically diagnosed ADHD and controls","Children, clinically diagnosed; measures lab EF tests, not app engagement.","Counterweight to Coghill: with a multi-test criterion battery and unreliability correction, 89% of children with ADHD were impaired on at least one EF, but per-function fractions stayed partial (62% working memory, 27% inhibitory control, 38% set shifting; 54% impaired on exactly one). Also states prior estimates put executive dysfunction in only ~33-50% of these children.",False,False,Heterogeneity
C2,"Mostert, Onnink, Klein, Dammers, Harneit, Schulten, van Hulzen, Kan, Slaats-Willemse, Buitelaar, Franke, Hoogman",2015,Cognitive heterogeneity in adult attention deficit/hyperactivity disorder: A systematic analysis of neuropsychological measurements,European Neuropsychopharmacology,10.1016/j.euroneuro.2015.08.010,https://doi.org/10.1016/j.euroneuro.2015.08.010,case-control observational,"adults; 133 patients with clinically diagnosed persistent ADHD (42% male, mean age 36) vs 132 healthy adults","Adults - the best age match in the C2 set - but clinically diagnosed, not self-identified.",Closest population match: effect sizes small to moderate (0.05-0.70) and 11% of adult patients showed NO neuropsychological dysfunction at all,False,False,Heterogeneity
C2,"Nigg, Karalunas, Feczko, Fair",2020,Toward a Revised Nosology for Attention-Deficit/Hyperactivity Disorder Heterogeneity,Biological Psychiatry: Cognitive Neuroscience and Neuroimaging,10.1016/j.bpsc.2020.02.005,https://doi.org/10.1016/j.bpsc.2020.02.005,review / RDoC-aligned position paper,mixed; review/position paper on diagnosed ADHD populations,"Review level, diagnosed populations; no adult self-identified data.",RDoC-style critique: etiological signal and clinical prediction in ADHD are weak; subtypes are likely multifactorial and cut across multiple dimensions; the field is only 'on the cusp' of justifying an emotionally dysregulated subprofile,False,False,Heterogeneity
C2,"Nigg, Willcutt, Doyle, Sonuga-Barke",2005,Causal Heterogeneity in Attention-Deficit/Hyperactivity Disorder: Do We Need Neuropsychologically Impaired Subtypes?,Biological Psychiatry,10.1016/j.biopsych.2004.08.025,https://doi.org/10.1016/j.biopsych.2004.08.025,conceptual review,children with DSM-defined ADHD (conceptual/review paper drawing on case-control literature); clinically diagnosed,"Children, diagnosed; argues about causal models rather than about interventions or adults.","Group-mean comparisons conceal substantial distributional overlap, so only a subgroup of behaviourally-defined cases has a deficit in any given neurocognitive mechanism",False,False,Heterogeneity
C2,"Sjowall, Roth, Lindqvist, Thorell",2013,"Multiple deficits in ADHD: executive dysfunction, delay aversion, reaction time variability, and emotional deficits",Journal of Child Psychology and Psychiatry,10.1111/jcpp.12006,https://doi.org/10.1111/jcpp.12006,case-control observational,children; 102 children with clinically diagnosed ADHD aged 7-13 and individually matched controls,"Children, diagnosed.","EF, reaction-time variability and emotional functioning each contributed INDEPENDENTLY to distinguishing ADHD from controls - multiple deficits, not one",False,False,Heterogeneity
C2,"Sonuga-Barke, Bitsakou, Thompson",2010,"Beyond the Dual Pathway Model: Evidence for the Dissociation of Timing, Inhibitory, and Delay-Related Impairments in Attention-Deficit/Hyperactivity Disorder",Journal of the American Academy of Child & Adolescent Psychiatry,10.1016/j.jaac.2009.12.018,https://doi.org/10.1016/j.jaac.2009.12.018,case-control observational with familial co-segregation analysis,"children/adolescents; 71 clinically diagnosed ADHD probands aged 6-17, 71 siblings (65 unaffected), 50 non-ADHD controls","Children/adolescents, diagnosed.","Triple-pathway dissociation: co-occurrence of inhibitory, temporal-processing and delay-related deficits was no greater than chance, with substantial groups of patients showing only one problem - so a single anchor mechanism cannot be assumed operative for a given user",False,False,Heterogeneity
C2,"Willcutt, Doyle, Nigg, Faraone, Pennington",2005,Validity of the Executive Function Theory of Attention-Deficit/Hyperactivity Disorder: A Meta-Analytic Review,Biological Psychiatry,10.1016/j.biopsych.2005.02.006,https://doi.org/10.1016/j.biopsych.2005.02.006,meta-analysis,"mixed ages, predominantly children/adolescents; clinically diagnosed ADHD (clinic-referred and community samples), N=3734 ADHD vs 2969 non-ADHD across 83 studies","Diagnosed samples, not self-identified adults; measures EF task performance, not real-world task initiation or to-do-list behaviour.","EF effect sizes are medium (.46-.69) and EF deficits lack universality, so EF weaknesses are neither necessary nor sufficient to cause all cases of ADHD",False,False,Heterogeneity
C2,"Wolfers, Beckmann, Hoogman, Buitelaar, Franke, Marquand",2020,Individual differences v. the average patient: mapping the heterogeneity in ADHD using normative models,Psychological Medicine,10.1017/s0033291719000084,https://doi.org/10.1017/s0033291719000084,"observational, normative modelling",adults with clinically diagnosed persistent ADHD (structural MRI),"Adults but clinically diagnosed; brain structure, not behaviour or app engagement.",Deviations from the normative model were frequent in persistent ADHD but overlapped between any two ADHD participants in only a few brain loci; the 'average ADHD patient' has limited informative value - directly relevant to designing one fixed interface for an average user,False,False,Heterogeneity
C2,"van Hulst, de Zeeuw, Durston",2015,"Distinct neuropsychological profiles within ADHD: a latent class analysis of cognitive control, reward sensitivity and timing",Psychological Medicine,10.1017/s0033291714001792,https://doi.org/10.1017/s0033291714001792,"latent class analysis, observational",children; 96 subjects with clinically diagnosed ADHD (any subtype) and 121 typically developing controls,"Children, diagnosed.","Three subgroups covered 87% of the ADHD sample, but two of the three had profiles similar to subgroups found among typically developing controls - subtype structure is partly normal variation",False,False,Heterogeneity
C3,"Beaton, Sirois, Milne",2022,Experiences of criticism in adults with ADHD: A qualitative study,PLOS ONE,10.1371/journal.pone.0263366,https://doi.org/10.1371/journal.pone.0263366,qualitative thematic analysis of written open-question responses,adults; 162 participants with ADHD AND HIGH ADHD TRAITS - includes non-diagnosed high-trait adults,"Comparatively GOOD match to PetTodo's users - adults, including high-trait non-diagnosed - but qualitative and about received criticism rather than app interaction.",Inattention-associated behaviours were perceived as the most criticised; criticism had negative consequences for self-worth and wellbeing; receiving understanding from others affected whether criticism was perceived at all,False,False,Heterogeneity
C3,"Beheshti, Chavanon, Christiansen",2020,Emotion dysregulation in adults with attention deficit hyperactivity disorder: a meta-analysis,BMC Psychiatry,10.1186/s12888-020-2442-7,https://doi.org/10.1186/s12888-020-2442-7,meta-analysis,"adults; 13 studies, N=2,535; CLINICALLY DIAGNOSED ADHD vs healthy controls",Adults - good age match - but clinical diagnosis was an inclusion requirement; self-identified samples may differ in severity and comorbidity.,"Strongest quantitative anchor for the underlying phenomenon: general emotion dysregulation Hedges' g = 1.17 (p<0.001); emotional lability the strongest facet g = 1.20 [0.57, 1.83]; ADHD symptom severity correlated with ED at r = 0.54",False,False,Heterogeneity
C3,"Bondu, Esser",2015,Justice and rejection sensitivity in children and adolescents with ADHD symptoms,European Child & Adolescent Psychiatry,10.1007/s00787-014-0560-9,https://doi.org/10.1007/s00787-014-0560-9,cross-sectional with latent path analysis,"adolescents; 1,235 German 10-19-year-olds with ADHD SYMPTOMS measured by questionnaire, NOT diagnosis - a symptom-defined community sample","Best population analogue for 'self-identified/symptom-defined' in the C3 set, but adolescents rather than adults.","Bridges the two traditions: participants with ADHD symptoms reported significantly higher anxious and angry rejection sensitivity, and rejection sensitivity partially mediated the link between ADHD symptoms and comorbid problems",False,False,Heterogeneity
C3,"Dodson, Modestino",2024,Have We Placed the Cart Before the Horse by Using Alpha-2A Agonists to Treat Rejection Sensitivity Dysphoria in ADHD?,Current Psychopharmacology,10.2174/0122115560297397240404071044,https://doi.org/10.2174/0122115560297397240404071044,expert opinion / commentary,"n/a (commentary; retrieved record carries keywords only, no abstract)",No sample.,The term's originator appears in the indexed peer-reviewed literature essentially only in commentary questioning a treatment practice - evidence that RSD entered the literature as clinical opinion rather than as a validated construct,False,False,Heterogeneity
C3,"Downey, Feldman",1996,Implications of rejection sensitivity for intimate relationships,Journal of Personality and Social Psychology,10.1037/0022-3514.70.6.1327,https://doi.org/10.1037/0022-3514.70.6.1327,four-study observational and experimental programme (includes the measure-development study),general-population adults in intimate relationships; NO ADHD RELEVANCE,"Total population mismatch - general-population adults, no ADHD involvement, different research tradition (social/personality psychology). Cite for the construct only, never as ADHD evidence.","Origin of the established rejection sensitivity construct and its measure: a cognitive-affective disposition to anxiously expect, readily perceive and overreact to rejection, including readily perceiving INTENTIONAL rejection in the AMBIGUOUS behaviour of others",False,False,Heterogeneity
C3,"Gao, Assink, Cipriani, Lin",2017,Associations between rejection sensitivity and mental health outcomes: A meta-analytic review,Clinical Psychology Review,10.1016/j.cpr.2017.08.007,https://doi.org/10.1016/j.cpr.2017.08.007,meta-analysis,general and mixed clinical populations; not ADHD-specific,Not ADHD-specific; mixed populations.,Establishes that rejection sensitivity as a construct has a meta-analytic evidence base linking it to mental-health outcomes - the contrast with RSD's absent evidence base,False,False,Heterogeneity
C3,"Ginapp, Greenberg, Macdonald-Gagnon, Angarita, Bold, Potenza",2023,“Dysregulated not deficit”: A qualitative study on symptomatology of ADHD in young adults,PLOS ONE,10.1371/journal.pone.0292721,https://doi.org/10.1371/journal.pone.0292721,"qualitative, interpretive phenomenological analysis","adults aged 18-35 (N=43, 84% female, 86% US/Canada) with ADHD DIAGNOSES; nine focus groups","Adults, diagnosed (not self-identified); heavily female and North American.","Participants spontaneously described emotional dysregulation 'including rejection-sensitive dysphoria' and reported that current diagnostic criteria did not capture their experience - evidence the folk term is in active use among adults with ADHD, NOT evidence the construct is valid",False,False,Heterogeneity
C3,"Hoza, Mrug, Gerdes, Hinshaw, Bukowski, Gold, Kraemer, Pelham, Wigal, Arnold",2005,What aspects of peer relationships are impaired in children with attention-deficit/hyperactivity disorder?,Journal of Consulting and Clinical Psychology,10.1037/0022-006x.73.3.411,https://doi.org/10.1037/0022-006x.73.3.411,observational classroom sociometric study,"children; 165 children with clinically diagnosed ADHD (130 boys, 35 girls) and 1,298 same-sex classmate raters","Children, diagnosed, predominantly boys; measures rejection RECEIVED from peers, not sensitivity to it, and not adults.","Children with ADHD were less well liked, more often in the rejected sociometric status category, and had fewer dyadic friends - the peer-rejection evidence base",False,False,Heterogeneity
C3,"Ros, Graziano",2018,Social Functioning in Children With or At Risk for Attention Deficit/Hyperactivity Disorder: A Meta-Analytic Review,Journal of Clinical Child & Adolescent Psychology,10.1080/15374416.2016.1266644,https://doi.org/10.1080/15374416.2016.1266644,meta-analysis,"children with or AT RISK FOR ADHD; 109 studies, n=104,813","Children, mixed diagnosed and at-risk; peer functioning rather than adult rejection sensitivity.","Largest impairment was in the peer-functioning domain (weighted ES r = .33), above social skills and social information processing (both r = .27)",False,False,Heterogeneity
C3,"Rowney-Smith, Sutton, Quadt, Eccles",2026,The lived experience of rejection sensitivity in ADHD - A qualitative exploration,PLOS ONE,10.1371/journal.pone.0314669,https://doi.org/10.1371/journal.pone.0314669,"qualitative focus groups, thematic analysis",adults (undergraduates) with ADHD; N = FIVE,Adults - good age match - but N=5 undergraduates; no basis for any quantitative claim.,"Themes of withdrawal, masking and bodily sensations; rejection sensitivity described as impairing social function, career opportunities and daily life. Illustrative only given N=5.",False,False,Heterogeneity
C3,Sandland,2025,Neurodivergent Experiences of Rejection Sensitive Dysphoria Expose the Environmental Factors too Often Overlooked,Neurodiversity,10.1177/27546330251394516,https://doi.org/10.1177/27546330251394516,qualitative,"adults, self-identified neurodivergent; small group",Very small self-selected sample; mixed neurodivergence rather than ADHD specifically. Population is however close to PetTodo's self-identifying users.,"States directly that there is a lack of consensus in the definition and application of RSD across medical, academic and informal environments; author notes the work is not statistically generalisable",False,False,Heterogeneity
C3,"Shaw, Stringaris, Nigg, Leibenluft",2014,Emotion Dysregulation in Attention Deficit Hyperactivity Disorder,American Journal of Psychiatry,10.1176/appi.ajp.2013.13070966,https://doi.org/10.1176/appi.ajp.2013.13070966,quantitative and qualitative review,mixed ages across the lifespan; clinically diagnosed ADHD samples,"Review of diagnosed samples, mixed ages; not self-identified adults.",Emotion dysregulation is prevalent in ADHD throughout the lifespan and is a major contributor to impairment; sets out THREE competing models (correlated-but-distinct dimensions / core diagnostic feature / distinct nosological entity) - the field is genuinely contested and the student should say so rather than pick a side,False,False,Heterogeneity
C3,"Sobanski, Banaschewski, Asherson, Buitelaar, Chen, Franke, Holtmann, Krumm, Sergeant, Sonuga-Barke, Stringaris, Taylor, Anney, Ebstein, Gill, Miranda, Mulas, Oades, Roeyers, Rothenberger, Steinhausen, Faraone",2010,Emotional lability in children and adolescents with attention deficit/hyperactivity disorder (ADHD): clinical correlates and familial prevalence,Journal of Child Psychology and Psychiatry,10.1111/j.1469-7610.2010.02217.x,https://doi.org/10.1111/j.1469-7610.2010.02217.x,"observational, cross-sectional with familiality analysis","children/adolescents aged 6-18; 1,186 children with clinically diagnosed ADHD combined type and 1,827 siblings","Children, diagnosed, combined type only.","Emotional lability ratings in children with ADHD were >1.5 SD above normative means; severe EL was associated with more severe hyperactive-impulsive symptoms and more comorbid oppositional, affective and substance use disorders",False,False,Heterogeneity
C3,"Surman, Biederman, Spencer, Miller, McDermott, Faraone",2013,Understanding deficient emotional self-regulation in adults with attention deficit hyperactivity disorder: a controlled study,Attention Deficit and Hyperactivity Disorders,10.1007/s12402-012-0100-8,https://doi.org/10.1007/s12402-012-0100-8,controlled observational study (post hoc analysis),"adults; 206 adults with clinically diagnosed ADHD and 123 without, from a family study","Adults, diagnosed, from a family study; post hoc analysis. Not self-identified.","Barkley's DESR construct operationalised via the Barkley Current Behavior Scale: 55% of adults with ADHD reported extreme DESR of greater severity than 95% of controls, and DESR was associated with impaired quality of life, reduced marital status and higher risk of traffic accidents and arrests",False,False,Heterogeneity
C3,van Asselt,2026,[Rejection sensitivity dysphoria: a critical reflection],Tijdschrift voor Psychiatrie (Dutch-language; no DOI in the retrieved record - cite by PMID 41944472),,https://pubmed.ncbi.nlm.nih.gov/41944472/,expert opinion / critical reflection,n/a (conceptual critical reflection drawing on the author's doctoral research and lived experience),"Conceptual paper, no sample; Dutch clinical context.",Best citation for the term's origin: American psychiatrist William Dodson introduced the concept from clinical experience with ADHD clients and it spread via social media; four risks in clinical use including terminological fragmentation and LIMITED EMPIRICAL EVIDENCE; recommends using the established rejection-sensitivity spectrum instead,False,False,Heterogeneity
C3,"van Asselt, Reekers, Roke",2026,Rejection Sensitivity Dysphoria in Autistic Adults: A Scoping Review,Neurodiversity,10.1177/27546330261441753,https://doi.org/10.1177/27546330261441753,scoping review (PRISMA-ScR),"autistic adults and adults with high autistic traits (includes self-identified/high-trait); 12 eligible studies from 1,285 titles/abstracts screened","AUTISM, not ADHD - the mismatch is on condition rather than age; does include self-identifying high-trait adults.",RSD is not an established research construct and the evidence base is fragmented; conceptualisations and operationalisations varied considerably; no studies examined responses to criticism or evaluated interventions; quantitative findings on intensity were inconsistent,False,False,Heterogeneity
C4,Baumel; Edan; Kane,2019,Is there a trial bias impacting user engagement with unguided e-mental health interventions? A systematic comparison of published reports and real-world usage of the same programs,Translational Behavioral Medicine,10.1093/tbm/ibz147,https://doi.org/10.1093/tbm/ibz147,"systematic comparison of trial-reported vs objective real-world usage (13 papers, 14 metrics)","adults, mixed clinical and general",e-mental-health programs not task apps; directly relevant to the student's measurement plan,trial-reported usage median 4.06x higher (IQR 4.49) than real-world usage of the same programs,False,False,Pet mechanics
C4,Baumel; Muench; Edan; Kane,2019,Objective User Engagement With Mental Health Apps: Systematic Search and Panel-Based Usage Analysis,Journal of Medical Internet Research,10.2196/14567,https://doi.org/10.2196/14567,observational panel-based usage analysis of 93 apps,"real-world app installers, general population (anxiety/depression/wellbeing apps), no ADHD relevance","not ADHD, not a task app, Android only; unit is the install not the person","anchor benchmark: median 15-day retention 3.9% (IQR 10.3%), 30-day 3.3% (IQR 6.2%), daily open rate 4.0%; tracker apps 6.1% at day 30",False,False,Pet mechanics
C4,Eysenbach,2005,The Law of Attrition,Journal of Medical Internet Research,10.2196/jmir.7.1.e11,https://doi.org/10.2196/jmir.7.1.e11,conceptual paper,"not applicable, conceptual",conceptual only,canonical 'law of attrition' framing,False,False,Pet mechanics
C4,Jabs; Thompson; Linardon; Messer; Wade,2026,"Assessing the Effectiveness, Adherence and Attrition of Smartphone‐Based Mental Health Interventions in University Students: A Systematic Review and Meta‐Analysis",Early Intervention in Psychiatry,10.1111/eip.70207,https://doi.org/10.1111/eip.70207,systematic review and multilevel meta-analysis (122 studies),"adults (university students), mixed clinical and subclinical",not ADHD-specific; university students,"closest setting match for a student-recruited evaluation; small effects (anxiety d=0.22, depression d=0.25, stress d=0.28) with attrition and adherence reported",False,False,Pet mechanics
C4,Jakob; Harperink; Rudolf; Fleisch; Haug; Mair; Salamanca-Sanabria; Kowatsch,2022,Factors Influencing Adherence to mHealth Apps for Prevention or Management of Noncommunicable Diseases: Systematic Review,Journal of Medical Internet Research,10.2196/35371,https://doi.org/10.2196/35371,systematic review of 99 studies with derived adherence scores,"adults with noncommunicable diseases, mixed clinical",adherence-to-intended-use is a different quantity from retention; looks deceptively close to the 50% target,mean adherence 56.0% (SD 24.4%) = ratio of actual to intended use,False,False,Pet mechanics
C4,Kaveladze; Wasil; Bunyi; Ramirez; Schueller,2022,"User Experience, Engagement, and Popularity in Mental Health Apps: Secondary Analysis of App Analytics and Expert App Reviews",JMIR Human Factors,10.2196/30766,https://doi.org/10.2196/30766,preregistered secondary analysis of 56 apps,"real-world app users, general population","not ADHD, not task apps",expert-rated quality (MARS) correlated with downloads and MAU but showed extremely small correlations with 1/7/30-day retention,False,False,Pet mechanics
C4,Linardon; Fuller‐Tyszkiewicz,2020,Attrition and adherence in smartphone-delivered interventions for mental health problems: A systematic and meta-analytic review.,Journal of Consulting and Clinical Psychology,10.1037/ccp0000459,https://doi.org/10.1037/ccp0000459,systematic review and meta-analysis of 70 RCTs,"adults, clinical mental-health populations",trial attrition not real-world retention; not ADHD,"trial attrition 24.1% (95% CI 19.3-29.6) short-term, 35.5% (95% CI 26.7-45.3) longer-term",False,False,Pet mechanics
C4,Lipschitz; Pike; Hogan; Murphy; Burdick,2023,The Engagement Problem: a Review of Engagement with Digital Mental Health Interventions and Recommendations for a Path Forward,Current Treatment Options in Psychiatry,10.1007/s40501-023-00297-3,https://doi.org/10.1007/s40501-023-00297-3,narrative review,"adults, mixed","review, not a retention figure","patient-, intervention- and systems-level framing of the engagement problem",False,False,Pet mechanics
C4,Torous; Lipschitz; Ng; Firth,2020,Dropout rates in clinical trials of smartphone apps for depressive symptoms: A systematic review and meta-analysis,Journal of Affective Disorders,10.1016/j.jad.2019.11.167,https://doi.org/10.1016/j.jad.2019.11.167,systematic review and meta-analysis of 18 RCTs (3336 participants),"adults, clinically diagnosed and self-reported depression",depression apps; trial dropout not install-cohort retention,"pooled dropout 26.2%, rising to 47.8% adjusted for publication bias",False,False,Pet mechanics
C4,Valentine; Hinton; Bajaj; Boyd; O’Sullivan; Sorenson; Bell; Vega; Liu; Peters; Mangelsdorf; Wren; Moller; Cross; McEnery; Bendall; Nicholas; Álvarez‐Jiménez,2025,"A meta-analysis of persuasive design, engagement, and efficacy in 92 RCTs of mental health apps",npj Digital Medicine,10.1038/s41746-025-01567-5,https://doi.org/10.1038/s41746-025-01567-5,"meta-analysis of 92 RCTs (16,728 participants)","adults, clinical and subclinical",not ADHD; establishes that overall engagement is currently unmeasurable across the field,"apps improved outcomes (g=0.43) but persuasive design predicted neither efficacy nor engagement; 25 distinct engagement metrics, 24% of studies reported none",False,False,Pet mechanics
C5,Anselm B. M. Fuermaier; Lara Tucha; Janneke Koerts; Steffen Aschenbrenner; Celina Westermann; Matthias Weisbrod; Klaus W. Lange; Oliver Tucha,2013,Complex Prospective Memory in Adults with Attention Deficit Hyperactivity Disorder,PLoS ONE,10.1371/journal.pone.0058338,https://doi.org/10.1371/journal.pone.0058338,case-control experiment,"adults, diagnosed ADHD, unmedicated (45 vs 45 matched)",Diagnosed unmedicated adults — more impaired than PetTodo's likely users; lab paradigm,"Large-scale impairment in TASK PLANNING on a complex prospective-memory paradigm measuring planning, plan recall, self-initiation and execution",False,False,External anchors
C5,Edmund Sonuga‐Barke; Daniel Brandeis; Samuele Cortese; David Daley; Maite Ferrín; Martin Holtmann; Jim Stevenson; Marina Danckaerts; Saskia Van der Oord; Manfred Döpfner; Regina Dittmann; Emily Simonoff; Alessandro Zuddas; Tobias Banaschewski; Jan K. Buitelaar; David Coghill; Chris Hollis; Éric Konofal; Michel Lecendreux; Ian Chi Kei Wong; Joseph A. Sergeant; European ADHD Guidelines Group,2013,Nonpharmacological Interventions for ADHD: Systematic Review and Meta-Analyses of Randomized Controlled Trials of Dietary and Psychological Treatments,American Journal of Psychiatry,10.1176/appi.ajp.2012.12070991,https://doi.org/10.1176/appi.ajp.2012.12070991,systematic review and meta-analyses of RCTs (54 studies),children and adolescents with diagnosed ADHD or validated cut-off,Children; but the blinding lesson is what transfers — and it is a direct threat to unblinded self-report evaluation of PetTodo,All psychological treatments were significant on unblinded ratings (SMD 0.40-0.64) but attenuated to NONSIGNIFICANT under best probably-blinded assessment,False,False,External anchors
C5,Edoardo G. Ostinelli; Marcel Schulze; Caroline Zangani; Luís C. Farhat; Anneka Tomlinson; Cinzia Del Giovane; Samuel R. Chamberlain; Alexandra Philipsen; Susan Young; Philip J. Cowen; Andrea Bilbow; Andrea Cipriani; Samuele Cortese,2025,"Comparative efficacy and acceptability of pharmacological, psychological, and neurostimulatory interventions for ADHD in adults: a systematic review and component network meta-analysis",The Lancet Psychiatry,10.1016/s2215-0366(24)00360-2,https://doi.org/10.1016/s2215-0366(24)00360-2,component network meta-analysis,"adults with a formal ADHD diagnosis (113 RCTs, 14,887 participants)","Formally diagnosed adults — a more severe population than PetTodo's self-identified users, so these effect sizes are an optimistic upper bound","In adults, stimulants and atomoxetine beat placebo on BOTH self- and clinician-rated scales, whereas CBT, cognitive remediation, mindfulness, psychoeducation and tDCS beat placebo ONLY on clinician-rated measures",False,False,External anchors
C5,Gunnel Janeslätt; Anders Kottorp; Mats Granlund,2014,Evaluating intervention using time aids in children with disabilities,Scandinavian Journal of Occupational Therapy,10.3109/11038128.2013.870225,https://doi.org/10.3109/11038128.2013.870225,randomised block / waiting-list controlled trial,"children aged 6-11 with mixed diagnoses (ADHD, autism spectrum, mild/moderate intellectual disability, spina bifida, cerebral palsy); n=47 randomised, 37 analysed","Children, heterogeneous diagnoses, outcome is time-processing ABILITY not task initiation; high dropout (21%)",The closest evidence for physical/visual time aids: the intervention group improved time-processing ability more than controls,False,False,External anchors
C5,Ivo Marx; Samuele Cortese; Michael Koelch; Thomas Häcker,2022,Meta-analysis: Altered Perceptual Timing Abilities in Attention-Deficit/Hyperactivity Disorder,Journal of the American Academy of Child & Adolescent Psychiatry,10.1016/j.jaac.2021.12.004,https://doi.org/10.1016/j.jaac.2021.12.004,meta-analysis,"mixed ages, diagnosed ADHD (55 studies)","Mixed ages; millisecond-to-second timing, far shorter than task-scale durations","Altered perceptual timing in ADHD across discrimination, estimation, production and reproduction paradigms in the ms-to-seconds range",False,False,External anchors
C5,J. J. Sandra Kooij; Denise Bijlenga; Luana Salerno; Rafał Jaeschke; István Bitter; Judit Balázs; Johannes Thome; Geert Dom; Siegfried Kasper; Carlos N. Filipe; Steven Stes; Pavel Mohr; Sami Leppämäki; Miguel Casas; Julio Bobes; Jane McCarthy; Vanesa Richarte; Alexandra Philipsen; Artemios Pehlivanidis; Asko Niemelä; B. Styr; Bengi Semerci; Blanca Bolea-Alamañac; Dan Edvinsson; Dieter Baeyens; Dora Wynchank; Esther Sobanski; Alexandra Philipsen; Fiona McNicholas; Hervé Caci; Ilinca Mihăilescu; Iris Manor; Iuliana Dobrescu; Takuya Saito; J. Krause; John Fayyad; Josep Antoni Ramos‐Quiroga; Karin Foeken; Florina Rad; Marios Adamou; Martin D. Ohlmeier; Michael Fitzgerald; Michael Gill; Michael B. Lensing; Nahit Motavallı Mukaddes; Paweł Brudkiewicz; Peik Gustafsson; Pekka Tani; P. Oswald; P.J. Carpentier; Pietro De Rossi; Richard Delorme; Silvana Simoska; Stefano Pallanti; Susan Young; Susanne Bejerot; Tuula Lehtonen; James Kustow; Ulrich Müller-Sedgwick; Tatja Hirvikoski; Valentino Antonio Pironti; Ylva Ginsberg; Zsolt Félegyházy; María Paz García‐Portilla; Philip Asherson,2019,Updated European Consensus Statement on diagnosis and treatment of adult ADHD,European Psychiatry,10.1016/j.eurpsy.2018.11.001,https://doi.org/10.1016/j.eurpsy.2018.11.001,consensus statement (63 experts),adults,"Expert opinion, not a trial — must be labelled as such","Adult ADHD requires its own diagnostic and treatment guidance, separate from child guidance",False,False,External anchors
C5,Karley-Dale S. Talbot; Ulrich Müller; Kimberly A. Kerns,2018,Prospective memory in children with attention deficit hyperactivity disorder: a review,The Clinical Neuropsychologist,10.1080/13854046.2017.1393563,https://doi.org/10.1080/13854046.2017.1393563,review synthesising six studies,"children, diagnosed ADHD",Children; narrative review of a small literature,Majority of studies found a deficit in time-based but NOT event-based prospective memory,False,False,External anchors
C5,Kate B. Metcalfe; Corinna D. McFeaters; Daniel Voyer,2024,Time-Perception Deficits in Attention-Deficit/Hyperactivity Disorder: A Systematic Review and Meta-Analysis,Developmental Neuropsychology,10.1080/87565641.2023.2293712,https://doi.org/10.1080/87565641.2023.2293712,systematic review and meta-analysis,"lifespan (child and adult), diagnosed ADHD; 824 effect sizes","Diagnosed ADHD, not self-identified; measures time perception, not cue design or initiation",Time-perception deficit mean g = 0.688; working-memory link applied ONLY to under-18 samples while ADHD-subtype effects applied only to 18+ — age moderates the mechanism's correlates,False,False,External anchors
C5,Mareike Altgassen; Anett Kretschmer; Matthias Kliegel,2014,Task Dissociation in Prospective Memory Performance in Individuals With ADHD,Journal of Attention Disorders,10.1177/1087054712445484,https://doi.org/10.1177/1087054712445484,"experimental (Dresden Breakfast Task, parallel task constraints)","adults, diagnosed ADHD (n=25 vs 25 matched controls)",Diagnosed rather than self-identified adults; small n; computerised lab task rather than daily life,"KEY adult evidence: no group difference in EVENT-based prospective memory, but a large-sized impairment in TIME-based prospective memory",False,False,External anchors
C5,Mark D. Rapport; Sarah A. Orban; Michael Kofler; Lauren M. Friedman,2013,"Do programs designed to train working memory, other executive functions, and attention benefit children with ADHD? A meta-analytic review of cognitive, academic, and behavioral outcomes",Clinical Psychology Review,10.1016/j.cpr.2013.08.005,https://doi.org/10.1016/j.cpr.2013.08.005,meta-analytic review,"children, diagnosed ADHD",Children; the canonical transfer-failure result,Cognitive/EF/attention training programmes in children with ADHD: the standard citation for near-transfer without far-transfer to academic and behavioural outcomes,False,False,External anchors
C5,Pablo López; Fernando Torrente; Agustín Ciapponi; Alicia Lischinsky; Marcelo Cetkovich; Juan Ignacio Rojas; Marina Romano; Facundo Manes,2018,Cognitive-behavioural interventions for attention deficit hyperactivity disorder (ADHD) in adults,Cochrane Database of Systematic Reviews,10.1002/14651858.cd010840.pub2,https://doi.org/10.1002/14651858.cd010840.pub2,Cochrane systematic review of RCTs,"adults, diagnosed ADHD","Diagnosed adults; therapist-delivered interventions, not self-directed apps",Adult-specific synthesis of cognitive-behavioural interventions — the modality adult guidelines recommend and PetTodo deliberately omits,False,False,External anchors
C5,Pei‐Chun Tsai; Sam J. Gilbert,2025,"Strategic reminder setting for time-based intentions: Influence of metacognition, delay length, and cue visibility",Memory & Cognition,10.3758/s13421-025-01708-x,https://doi.org/10.3758/s13421-025-01708-x,laboratory experiment,"healthy adults, general population",10-30 second delays in a lab with a concurrent two-back task — not day-scale task reminders; no ADHD sample,Reminders IMPROVED accuracy for time-based intentions; offloading increased with delay and was driven partly by metacognitive belief rather than actual need,False,False,External anchors
C5,Que Zheng; Xinyue Wang; Ka Yu Chiu; Kathy Kar‐man Shum,2022,Time Perception Deficits in Children and Adolescents with ADHD: A Meta-analysis,Journal of Attention Disorders,10.1177/1087054720978557,https://doi.org/10.1177/1087054720978557,meta-analysis,"children and adolescents, diagnosed ADHD (1,620 ADHD vs 1,249 controls, 27 studies)",Children and adolescents only,"Time perceived less accurately (g > 0.40), less precisely (g = 0.66), with greater tendency to OVERESTIMATE duration; not moderated by task type or modality",False,False,External anchors
C5,Sam J. Gilbert; Annika Boldt; Chhavi Sachdeva; Chiara Scarampi; Pei‐Chun Tsai,2023,Outsourcing Memory to External Tools: A Review of ‘Intention Offloading’,Psychonomic Bulletin & Review,10.3758/s13423-022-02139-4,https://doi.org/10.3758/s13423-022-02139-4,review,"general population, adults and lifespan; no ADHD focus","No ADHD sample; supports externalising cues in general, not for this population specifically","Intention offloading: people routinely delegate delayed intentions to external props and technologies, and how they choose between internal memory and external reminders",False,False,External anchors
C5,Tian‐xiao Yang; Yanyu Wang; Ya Wang; Ying Qian; Eric F.C. Cheung; Raymond C. K. Chan,2019,"Event-, Time- and Activity-Based Prospective Memory in Children with ADHD",Developmental Neuropsychology,10.1080/87565641.2019.1695801,https://doi.org/10.1080/87565641.2019.1695801,experimental study,"children, diagnosed ADHD (28 vs 28)",Children; but the activity > event > time ordering suggests anchoring to the user's own ongoing activity beats anchoring to another person's activity,"Both groups performed best on ACTIVITY-based PM, then event-based, worst on time-based; ADHD children had intact PM but at the cost of ongoing-task performance",False,False,External anchors
C5,Valérie Tourjman; Louis-Nascan Gill; Ghalib Ahmed; Anaïs DuBow; Hubert Côté; Nadia Daly; George Daoud; Stacey D. Espinet; Joan Flood; Emilie Gagnier-Marandola; Martin Gignac; Gemma Graziosi; Zeeshan Mansuri; Joseph Sadek,2022,Psychosocial Interventions for Attention Deficit/Hyperactivity Disorder: A Systematic Review and Meta-Analysis by the CADDRA Guidelines Work GROUP,Brain Sciences,10.3390/brainsci12081023,https://doi.org/10.3390/brainsci12081023,systematic review and meta-analysis with GRADE recommendations,"diagnosed ADHD across preschool, child, adolescent and adult bands; comorbid populations excluded","Diagnosed samples; comorbidity excluded, so less representative than a real user base","Evidence supports CBT for ADULTS and caregiver intervention for younger populations — structurally different interventions by age, not a transferable one",False,False,External anchors
C6,"Alexandra Sierra Rátiva, Marie Postma, Menno van Zaanen",2022,The uncanny valley of a virtual animal,Computer Animation and Virtual Worlds,10.1002/cav.2043,https://doi.org/10.1002/cav.2043,online rating study (observational),"163 participants aged under 10 to 60 across four continents, general population","Unfamiliar animal designs, not the participant's own animal; mixed ages, general population","Uncanny valley effect confirmed for virtual ANIMALS in familiarity and commonality, for still and moving images, PARTICULARLY PRONOUNCED FOR MORBID IMAGES",False,False,Character guilt
C6,"Ben Hughes, Beth Lewis Harkin",2025,The Impact of Continuing Bonds Between Pet Owners and Their Pets Following the Death of Their Pet: A Systematic Narrative Synthesis,OMEGA - Journal of Death and Dying,10.1177/00302228221125955,https://doi.org/10.1177/00302228221125955,systematic narrative synthesis (PRISMA),"bereaved adult pet owners, general population","Real pet bereavement, not a digital recreation; general population","Continuing bonds can aggravate and intensify grief, particularly where pet grief is disenfranchised, but appropriate bonds can moderate intensity",False,False,Character guilt
C6,"Carl Öhman, Luciano Floridi",2018,An ethical framework for the digital afterlife industry,Nature Human Behaviour,10.1038/s41562-018-0335-2,https://doi.org/10.1038/s41562-018-0335-2,ethical framework (expert opinion),no human sample,Conceptual; no empirical sample and not pet-specific,Proposes an ethical framework for the digital afterlife industry,False,False,Character guilt
C6,"Helen Wauck, Gale Lucas, Ari Shapiro, Andrew Feng, Jill Boberg, Jonathan Gratch",2018,Analyzing the Effect of Avatar Self-Similarity on Men and Women in a Search and Rescue Game,Proceedings of the 2018 CHI Conference on Human Factors in Computing Systems (CHI '18),10.1145/3173574.3174059,https://doi.org/10.1145/3173574.3174059,controlled experiment (CHI '18),"adults, general population","Game task, general adult population; the key counter-evidence to strong personalisation claims",NULL result: no effect of photorealistic self-similar versus friend avatar on performance or subjective experience,False,False,Character guilt
C6,"Hyunjin Kang, Hye Kyung Kim",2020,My avatar and the affirmed self: Psychological and persuasive implications of avatar customization,Computers in Human Behavior,10.1016/j.chb.2020.106446,https://doi.org/10.1016/j.chb.2020.106446,three lab experiments,"adults across three lab experiments (N=126, 102, 76), general population","Self-avatar customisation, not a personally-owned animal; general population",Avatar customisation functions as a self-affirmation task and reduced defensive processing of self-threatening health information,False,False,Character guilt
C6,"Jari Kätsyri, Klaus FÃ¶rger, Meeri Mäkäräinen, Tapio Takala",2015,A review of empirical evidence on different uncanny valley hypotheses: support for perceptual mismatch as one road to the valley of eeriness,Frontiers in Psychology,10.3389/fpsyg.2015.00390,https://doi.org/10.3389/fpsyg.2015.00390,systematic review of empirical evidence,review of experiments on general adult samples,General population; supports keeping renderings clearly stylised rather than near-photorealistic,No consistent support for the naive uncanny valley or movement modulation; good support for perceptual mismatch; the valley 'exists only under specific conditions',False,False,Character guilt
C6,"Jessica Navarro, Jorge Peña, Ausiàs Cebolla, Rosa Baños",2022,Can Avatar Appearance Influence Physical Activity? User-Avatar Similarity and Proteus Effects on Cardiac Frequency and Step Counts,Health Communication,10.1080/10410236.2020.1834194,https://doi.org/10.1080/10410236.2020.1834194,randomised experiment with accelerometers and heart-rate monitor,"305 adults, general population","Physiological intensity outcome, not sustained engagement or task completion; self-representation not a pet; general population",Own-face avatars increased cardiac frequency relative to stranger-face avatars during running,False,False,Character guilt
C6,"Max V. Birk, Cheralyn Atkins, Jason T. Bowey, Regan L. Mandryk",2016,Fostering Intrinsic Motivation through Avatar Identification in Digital Games,Proceedings of the 2016 CHI Conference on Human Factors in Computing Systems (CHI '16),10.1145/2858036.2858062,https://doi.org/10.1145/2858036.2858062,quantitative experiment (CHI '16),"126 adults playing a custom endless runner, general population","Self-identification with an avatar, not care for a separate pet; general population, no ADHD","Similarity, embodied and wishful identification increased autonomy, immersion, invested effort, enjoyment and positive affect, and translated into time spent playing",False,False,Character guilt
C6,"Max V. Birk, Regan L. Mandryk",2019,Improving the Efficacy of Cognitive Training for Digital Mental Health Interventions Through Avatar Customization: Crowdsourced Quasi-Experimental Study,Journal of Medical Internet Research,10.2196/10133,https://doi.org/10.2196/10133,crowdsourced quasi-experimental study,"adult crowdworkers, general population, framed as digital mental health but not diagnosed","Not a diagnosed or ADHD sample; cognitive training, not task initiation",Avatar customisation increased engagement and intervention efficacy in cognitive training,False,False,Character guilt
C6,Millie Cordaro,2012,Pet Loss and Disenfranchised Grief: Implications for Mental Health Counseling Practice,Journal of Mental Health Counseling,10.17744/mehc.34.4.41q0248450t98072,https://doi.org/10.17744/mehc.34.4.41q0248450t98072,conceptual/practice review (expert opinion),"bereaved adult pet owners, general population","Counselling practice, no digital technology; general population",Pet loss as disenfranchised grief and its clinical implications,False,False,Character guilt
C6,"Nigel P. Field, Lisa Orsini, Roni Gavish, Wendy Packman",2009,Role of Attachment in Response to Pet Loss,Death Studies,10.1080/07481180802705783,https://doi.org/10.1080/07481180802705783,cross-sectional study,"71 bereaved adult pet owners within one year of loss, general population","Real pet bereavement, no digital rendering involved; general population, no ADHD",Strength of prior attachment and attachment anxiety each uniquely predicted more severe grief; continuing bond partially mediated the attachment-strength effect,False,False,Character guilt
C6,Nora Freya Lindemann,2022,The Ethics of ‘Deathbots’,Science and Engineering Ethics,10.1007/s11948-022-00417-x,https://doi.org/10.1007/s11948-022-00417-x,normative ethical analysis (expert opinion),no human sample,"Conceptual; human deceased, not animals",Shifts ethical focus to the dignity and autonomy of bereaved users of deathbots,False,False,Character guilt
C6,"Paul Krebs, James O. Prochaska, Joseph S. Rossi",2010,A meta-analysis of computer-tailored interventions for health behavior change,Preventive Medicine,10.1016/j.ypmed.2010.06.004,https://doi.org/10.1016/j.ypmed.2010.06.004,meta-analysis,"adults across 88 computer-tailored interventions, general population","Message tailoring in health behaviour, not avatar personalisation; general population, no ADHD",Tailored interventions produce clinically and statistically significant effects; dynamic tailoring gains efficacy over time,False,False,Character guilt
C6,"Rabindra Ratan, David Beyea, Benjamin J. Li, Luis Graciano",2020,Avatar characteristics induce users’ behavioral conformity with small-to-medium effect sizes: a meta-analysis of the proteus effect,Media Psychology,10.1080/15213269.2019.1623698,https://doi.org/10.1080/15213269.2019.1623698,meta-analysis,"mixed adult samples across 46 randomised experiments, general population","Avatars representing the SELF, not a separate creature owned by the user; general population, no ADHD",Proteus effect size .22-.26 (small-to-medium) for avatar characteristics inducing behavioural conformity,False,False,Character guilt
C6,"Rachel M. Park, Kenneth D. Royal, Margaret E. Gruen",2023,A Literature Review: Pet Bereavement and Coping Mechanisms,Journal of Applied Animal Welfare Science,10.1080/10888705.2021.1934839,https://doi.org/10.1080/10888705.2021.1934839,literature review,"bereaved adult pet owners across 48 studies, general population","Real pet loss, no digital artefact; general population",Bereaved owners frequently report embarrassment and loneliness; memorialization is among the coping mechanisms used,False,False,Character guilt
C6,"Selen Türkay, Charles K. Kinzer",2014,The Effects of Avatar-Based Customization on Player Identification,International Journal of Gaming and Computer-Mediated Simulations,10.4018/ijgcms.2014010101,https://doi.org/10.4018/ijgcms.2014010101,mixed-method study,"66 adult players of Lord of the Rings Online, general population","Commercial MMO context, general population; self-avatar not a pet",Customisation increased identification with and empathy toward the character,False,False,Character guilt
C6,Tal Morse,2024,Digital necromancy: users’ perceptions of digital afterlife and posthumous communication technologies,Information Communication & Society,10.1080/1369118x.2023.2205467,https://doi.org/10.1080/1369118x.2023.2205467,empirical study of user perceptions,"adult users, general population","Human deceased, not pets; general population",Technologies designed for interacting with the dead have so far failed while users repurpose ordinary communication tools for that end,False,False,Character guilt
C6,"Tomasz Hollanek, Katarzyna Nowaczyk-Basińska",2024,"Griefbots, Deadbots, Postmortem Avatars: on Responsible Applications of Generative AI in the Digital Afterlife Industry",Philosophy & Technology,10.1007/s13347-024-00744-w,https://doi.org/10.1007/s13347-024-00744-w,speculative design scenarios / ethical analysis (expert opinion),no human sample,"Conceptual, human deceased not pets; no empirical distress measurement","Maps ethical concerns of AI re-creation of the deceased across data donor, recipient and service interactant",False,False,Character guilt
C6,"Valentin Schwind, Kenneth L. Leicht, Solveigh Jäger, Katrin Wolf, Niels Henze",2018,Is there an uncanny valley of virtual animals? A quantitative and qualitative investigation,International Journal of Human-Computer Studies,10.1016/j.ijhcs.2017.11.003,https://doi.org/10.1016/j.ijhcs.2017.11.003,quantitative and qualitative investigation (observational),general population rating study,"Generic virtual animals, not a rendering of a personally significant real animal","Establishes that an uncanny valley exists for virtual animals, not only human-like characters",False,False,Character guilt
